Submit_ID,Brand_Reg,Model_No,SoldIn,screensize,Screen_Tech,Avg_mode_power,Energy,Availability Status,Star2,Screen_Size2
172787,COOCAA,65G6500H,"Australia,Fiji,New Zealand",163.897,LCD (LED),83.6,330,Available,6,164
172500,TELEFUNKEN,TL320TQ,"Australia,Fiji,New Zealand",80.131,LCD (LED),38.12,145,Available,4.5,80
172441,LOEWE,Stellar 48 DR+ OLED,Australia,120.713,OLED,58,214,Available,5.5,121
172440,LOEWE,Stellar 42 DR+ OLED,Australia,105.531,OLED,52,192,Available,5,106
172439,LOEWE,LOEWE 65 OLED,Australia,163.965,OLED,98,360,Available,6,164
172438,LOEWE,LOEWE 55 OLED,Australia,138.711,OLED,76.5,281,Available,5.5,139
172437,LOEWE,LOEWE,Australia,120.664,OLED,61,225,Available,5.5,121
172436,LOEWE,Stella 65 DR+,Australia,163.965,OLED,85,313,Available,6,164
172435,LOEWE,Stellar 55 DR+ OLED,Australia,138.711,OLED,70,258,Available,6,139
172429,KOGAN,KAL24R98T*,"Australia,Fiji,New Zealand",59.824,LCD (LED),19.2,83,Available,5,60
172426,KOGAN,KAQL75MQ8ZT*,"Australia,Fiji,New Zealand",189.34,LCD (LED),193.1,751,Available,4,189
172424,KONKA,KDL55CK68QNTS,New Zealand,138.783,LCD (LED),88.74,326,Available,5,139
172423,KONKA,KDL65CK68QNTS,New Zealand,163.896,LCD (LED),122.64,450,Available,5,164
172397,LG,86PK640S0SA,"Australia,Fiji,New Zealand",217.425,LCD (LED),155,567,Available,6,217
172396,LG,75PK640S0SA,"Australia,Fiji,New Zealand",189.275,LCD (LED),136.9,501,Available,5.5,189
172395,LG,65PK640S0SB,"Australia,Fiji,New Zealand",163.897,LCD (LED),115,422,Available,5,164
172393,LG,55PK640S0SB,"Australia,Fiji,New Zealand",138.783,LCD (LED),91,334,Available,5,139
172392,LG,50PK640S0SB,"Australia,Fiji,New Zealand",125.727,LCD (LED),81,297,Available,4.5,126
172378,LG,43PK640S0SB,"Australia,Fiji,New Zealand",107.987,LCD (LED),65.9,242,Available,4.5,108
172319,EKO,K40FST,"Australia,Fiji,New Zealand",100.332,LCD (LED),43.2,167,Available,5.5,100
172318,TELEFUNKEN,TL400TQ,"Australia,Fiji,New Zealand",100.337,LCD (LED),43.5,167,Available,5.5,100
172317,QBELL,QTU70T,"Australia,Fiji,New Zealand",176.538,LCD (LED),108.02,430,Available,6,177
172238,LG,75UK767H0LB,"Australia,New Zealand",189.275,LCD (LED),147,539,Available,5.5,189
172207,SAMSUNG ELECTRONICS,UA32T5300AS,"Australia,Fiji,New Zealand",79.967,LCD (LED),31,116,Available,5.5,80
172204,DIGITECH,GH5224,"Australia,New Zealand",79.578,LCD,24.52,92,Available,6,80
172203,DIGITECH,GH5230,"Australia,New Zealand",60.406,LCD,25.17,94,Available,4.5,60
172202,DIGITECH,GH5220,"Australia,New Zealand",47.257,LCD,21.71,81,Available,3.5,47
172201,DIGITECH,GH5204,"Australia,New Zealand",47.257,LCD,14.89,56,Available,5.5,47
172072,KOGAN,KAQL70T97Q*,"Australia,Fiji,New Zealand",176.538,LCD,139.61,538,Available,5,177
172062,DIGITECH,GH5226,"Australia,New Zealand",60.444,LCD,21.64,81,Available,5,60
172061,DIGITECH,GH5228,"Australia,New Zealand",79.578,LCD,35.04,130,Available,4.5,80
172021,COOCAA,60G6500H,New Zealand,152.663,LCD (LED),68.2,300,Available,6,153
172020,COOCAA,55G6500H,New Zealand,138.783,LCD (LED),67.9,280,Available,5.5,139
172019,COOCAA,50G6500H,New Zealand,125.727,LCD (LED),55.3,230,Available,5.5,126
172018,COOCAA,40E5500H,New Zealand,100.34,LCD (LED),32.9,135,Available,6,100
171972,KOGAN,KALED50U95T*,"Australia,Fiji,New Zealand",125.731,LCD (LED),80.1,349,Available,4,126
171948,COOCAA,32E5500H,New Zealand,80.054,LCD (LED),24.3,100,Available,6,80
171931,VEON,VNMHDV4025,New Zealand,100.791,LCD (LED),40.25,165,Available,5.5,101
171930,VEON,VNG3FN6025,New Zealand,152.663,LCD (LED),61.9,250,Available,7,153
171894,LINSAR,LS70UHDNF23,Australia,176.537,LCD (LED),108.294,397,Available,6,177
171877,DGTEC,DG55UHDW-22858,Australia,138.401,LCD,70,270,Available,6,138
171844,KOGAN,"KAL24DH5400VA,KAL24DH5400VB,KAL24DH5400VC","Australia,Fiji,New Zealand",59.827,LCD (LED),23,94,Available,4.5,60
171841,JVC,LT-32NQ3165A,"Australia,Fiji,New Zealand",80.054,LCD (LED),25.26,110,Available,5.5,80
171839,KOGAN,KALED43U95T*,"Australia,Fiji,New Zealand",107.987,LCD (LED),66.3,258,Available,4,108
171705,LG,65UK767H0LB,"Australia,New Zealand",163.897,LCD (LED),69,254,Available,7,164
171704,LG,55UK767H0LB,"Australia,New Zealand",138.783,LCD (LED),55,203,Available,7,139
171703,LG,50UK767H0LB,"Australia,New Zealand",125.727,LCD (LED),54,200,Available,6,126
171702,BAUHN,ATV75UHDW-0925,Australia,189.34,LCD,128.89,485,Available,6,189
171701,LG,43UK767H0LB,"Australia,New Zealand",107.987,LCD (LED),62,229,Available,4.5,108
171700,LG,65UA841C0SA,"Australia,New Zealand",163.897,LCD (LED),118,433,Available,5,164
171699,LG,55UA841C0SA,"Australia,New Zealand",138.783,LCD (LED),92,338,Available,5,139
171698,LG,50UA841C0SA,"Australia,New Zealand",125.727,LCD (LED),83,305,Available,4.5,126
171697,LG,43UA841C0SA,"Australia,New Zealand",107.987,LCD (LED),70,258,Available,4,108
171630,JVC,LT-43NQ5165A,"Australia,Fiji,New Zealand",107.95,LCD (LED),38.4,163,Available,6,108
171627,SKYWORTH,60Q6600H,"Australia,Fiji,New Zealand",152.663,LCD (LED),69.3,280,Available,6,153
171507,TENET,T-185J201,Australia,47.013,LCD (LED),15.3,58,Available,5,47
171506,LG,55UK762H0LB,"Australia,New Zealand",138.783,LCD (LED),95,349,Available,4.5,139
171505,LG,50UK762H0LB,"Australia,New Zealand",125.727,LCD (LED),68,251,Available,5.5,126
171503,LG,43UK762H0LB,"Australia,New Zealand",107.987,LCD (LED),65,240,Available,4.5,108
171501,LG,65UK762H0LB,"Australia,New Zealand",163.897,LCD (LED),106,389,Available,5.5,164
171497,KOGAN,KAL32R98T*,"Australia,Fiji,New Zealand",80.039,LCD (LED),27.7,116,Available,5.5,80
171492,KOGAN,KALED75U95T*,"Australia,Fiji,New Zealand",189.34,LCD (LED),171,685,Available,4.5,189
171489,KOGAN,KAQL65Q97T*,"Australia,Fiji,New Zealand",163.896,LCD (LED),180.8,696,Available,3,164
171487,KOGAN,KAQL55Q97T*,"Australia,Fiji,New Zealand",138.783,LCD (LED),129.3,513,Available,3,139
171415,EKO,K430FGT,"Australia,Fiji,New Zealand",108.135,LCD,45.012,196,Available,5,108
171366,KOGAN,KAQL50Q97T*,"Australia,Fiji,New Zealand",125.731,LCD (LED),102.2,422,Available,3,126
171140,PANASONIC,TN-75W,New Zealand,189.338,LCD (LED),160.3,646,Available,4.5,189
171138,PANASONIC,TN-65W,New Zealand,163.916,LCD (LED),111.9,452,Available,5,164
171136,PANASONIC,TN-55W,New Zealand,138.783,LCD (LED),73.9,299,Available,5.5,139
171125,PANASONIC,TN-43W,New Zealand,107.987,LCD (LED),55.9,227,Available,4.5,108
171092,BAUHN,ATV55UHDW-1025,"Australia,Fiji,New Zealand",138.401,LCD,70,270,Available,6,138
171087,SAMSUNG,HG75U700FAW,"Australia,Fiji,New Zealand",189.338,LCD (LED),118,434,Available,6,189
171086,SAMSUNG,HG65U700FAW,"Australia,Fiji,New Zealand",163.897,LCD (LED),95,350,Available,6,164
171085,SAMSUNG,HG55U700FAW,"Australia,Fiji,New Zealand",138.783,LCD (LED),68,251,Available,6,139
171080,KOGAN,KAL40F98T*,"Australia,Fiji,New Zealand",100.332,LCD (LED),40.4,167,Available,5.5,100
171065,SAMSUNG,HG50U700FAW,"Australia,Fiji,New Zealand",125.727,LCD (LED),66,244,Available,5.5,126
171058,SAMSUNG,HG43U700FAW,"Australia,Fiji,New Zealand",107.987,LCD (LED),58,215,Available,5,108
171050,LG,55UK767H0SA,"Australia,New Zealand",138.783,LCD (LED),80,295,Available,5.5,139
171005,BLAUPUNKT,BP650USG60100,"Australia,Fiji,New Zealand",163.965,LCD,157.044,640,Available,3.5,164
171004,BLAUPUNKT,BP550USG60100,"Australia,Fiji,New Zealand",138.798,LCD,133.926,530,Available,3,139
170963,PANASONIC,TN-50W series,New Zealand,125.812,LCD (LED),72.7,295,Available,4.5,126
170941,DGTEC,DG70UHDW-22658,"Australia,Fiji,New Zealand",176.537,LCD (LED),108.29,397,Available,6,177
170908,COOCAA,60G6500H,"Australia,Fiji,New Zealand",152.663,LCD (LED),68.2,300,Available,6,153
170862,HYUNDAI,H75UHDQLDZEN,"Australia,Fiji,New Zealand",189.34,LCD (LED),122.94,451,Available,6,189
170814,LG,65UK760H0SD,"Australia,New Zealand",163.897,LCD (LED),126,462,Available,5,164
170788,HISENSE,116UX series,"Australia,New Zealand",293.372,LCD (LED),303.84,1148,Available,6,293
170787,HISENSE,100UX series,"Australia,New Zealand",252.784,LCD (LED),268.08,1058,Available,5,253
170786,HISENSE,100U8Q series,"Australia,New Zealand",252.784,LCD (LED),259.29,1028,Available,5,253
170785,TOSHIBA,43C350RP,Australia,107.986,LCD (LED),50.56,194,Available,5.5,108
170724,EKO,K43FST,"Australia,Fiji,New Zealand",108.593,LCD (LED),50,184,Available,5.5,109
170722,COOCAA,50G6500H,"Australia,Fiji,New Zealand",125.727,LCD (LED),55.3,230,Available,5.5,126
170688,VEON,VNG3F6525,New Zealand,163.897,LCD (LED),96.9,390,Available,5.5,164
170686,VEON,VNG3F7525,New Zealand,189.338,LCD (LED),122.8,547,Available,5.5,189
170569,JVC,JVG4F5525,New Zealand,138.783,LCD (LED),63.9,304,Available,5.5,139
170567,JVC,JVG4F5025,New Zealand,125.727,LCD (LED),54.9,255,Available,5.5,126
170563,VEON,VNG3F5025,New Zealand,125.727,LCD (LED),54.9,222,Available,6,126
170531,KOGAN,KAQL65T97Q*,"Australia,Fiji,New Zealand",163.896,LCD,162.79,651,Available,3.5,164
170530,KOGAN,KAQL55T97Q*,"Australia,Fiji,New Zealand",138.783,LCD,110.95,427,Available,4,139
170419,BLAUPUNKT,BP24WOSDVD,"Australia,Fiji,New Zealand",60.47,LCD (LED),23.55,88,Available,4.5,60
170349,TOSHIBA,50C350RP,Australia,125.731,LCD (LED),54.86,228,Available,6,126
170319,ENGLAON,LED55M10,"Australia,New Zealand",138.783,LCD (LED),143.5,530,Available,3,139
170313,ENGLAON,LED65M10,"Australia,New Zealand",163.896,LCD (LED),201,740,Available,2.5,164
170311,SKYWORTH,SW32LP70G,"Australia,Fiji,New Zealand",80.054,LCD (LED),32.4,127,Available,5,80
170278,LG,OLED48G56LS,"Australia,New Zealand",120.721,OLED,62,229,Available,5.5,121
170277,LG,OLED48G5PSA,"Australia,New Zealand",120.721,OLED,62,229,Available,5.5,121
170251,AOA,LTG43UHD,"Australia,Fiji,New Zealand",107.987,LCD (LED),50.04,185,Available,5.5,108
170151,JVC,LT-42NQ5155AJ,Australia,105.415,LCD (LED),49.21,200,Available,5,105
170150,KOGAN,*32*,"Australia,Fiji,New Zealand",80.039,LCD,35.2,131,Available,5,80
170148,KOGAN,*24*,"Australia,Fiji,New Zealand",59.824,LCD,22,83,Available,5,60
170147,SAMSUNG,QA115QN90F*,"Australia,Fiji,New Zealand",290.784,LCD (LED),428,1565,Available,4.5,291
170107,KOGAN,KALD24DH67ND,"Australia,Fiji,New Zealand",59.824,LCD,22.3,83,Available,5,60
170075,EKO,K75USTW,"Australia,Fiji,New Zealand",189.34,LCD (LED),142.18,682,Available,4.5,189
170054,SKYWORTH,65Q7700G,"Australia,Fiji,New Zealand",163.897,LCD (LED),118.6,465,Available,5,164
170053,SKYWORTH,43E5500H,"Australia,Fiji,New Zealand",107.956,LCD (LED),36.6,173,Available,6,108
170051,SKYWORTH,55Q7700G,"Australia,Fiji,New Zealand",138.783,LCD (LED),71.1,304,Available,5.5,139
170006,KOGAN,KAQL65XQ98****,"Australia,Fiji,New Zealand",163.829,LCD (LED),157.32,634,Available,3.5,164
170005,KOGAN,KALED43U95****,"Australia,Fiji,New Zealand",107.95,LCD (LED),63.12,269,Available,4,108
169850,AKAI,AK50UHDZEN,"Australia,Fiji,New Zealand",125.731,LCD (LED),59.84,221,Available,6,126
169849,AKAI,AK40FHDZEN,"Australia,Fiji,New Zealand",100.337,LCD (LED),36.9,137,Available,6,100
169847,SKYWORTH,65X8700G,"Australia,Fiji,New Zealand",163.897,LCD (LED),111.6,450,Available,5,164
169820,LINSAR,LS85UHDZEN25S,Australia,214.783,LCD (LED),163.7,615,Available,6,215
169749,LG,65UK660H0LA,"Australia,New Zealand",163.897,LCD (LED),67,247,Available,7,164
169748,LG,55UK660H0LA,"Australia,New Zealand",138.783,LCD (LED),54,200,Available,7,139
169747,LG,50UK660H0LA,"Australia,New Zealand",125.727,LCD (LED),53,196,Available,6,126
169746,LG,43UK660H0LA,"Australia,New Zealand",107.987,LCD (LED),46,170,Available,6,108
169706,CHIQ,U75QM10,"Australia,Fiji,New Zealand",189.34,LCD (LED),136.6,543,Available,5.5,189
169705,CHIQ,U55M10F,"Australia,Fiji,New Zealand",138.783,LCD (LED),74.4,295,Available,5.5,139
169704,CHIQ,U50QM10,"Australia,Fiji,New Zealand",125.731,LCD (LED),66.2,265,Available,5,126
169696,SYLVOX,"OT75A6KOEC, OT75KOC","Australia,Fiji,New Zealand",189.34,LCD,134.5602,495,Available,5.5,189
169695,SYLVOX,"OT65A6KOEC, OT65KOC","Australia,Fiji,New Zealand",163.896,LCD,104.68002,390,Available,5.5,164
169686,CHIQ,U43QM10,"Australia,Fiji,New Zealand",107.987,LCD (LED),53.7,214,Available,5,108
169625,SAMSUNG,HG85U800FAW,"Australia,Fiji,New Zealand",214.783,LCD (LED),164,602,Available,6,215
169605,SAMSUNG,HG65U800FAW,"Australia,Fiji,New Zealand",163.897,LCD (LED),103,379,Available,5.5,164
169604,SAMSUNG,HG75U800FAW,"Australia,Fiji,New Zealand",189.338,LCD (LED),140,514,Available,5.5,189
169602,SAMSUNG,HG55U800FAW,"Australia,Fiji,New Zealand",138.783,LCD (LED),81,299,Available,5.5,139
169600,SAMSUNG,HG50U800FAW,"Australia,Fiji,New Zealand",125.727,LCD (LED),73,270,Available,5,126
169599,SAMSUNG,HG43U800FAW,"Australia,Fiji,New Zealand",107.986,LCD (LED),66,244,Available,4,108
169547,SKYWORTH,SW65G4F,"Australia,New Zealand",163.897,LCD (LED),121.6,490,Available,4.5,164
169546,SKYWORTH,75Q6600H,"Australia,Fiji,New Zealand",189.338,LCD (LED),147.3,590,Available,5,189
169540,PANASONIC,TV-77Z90BGZ,New Zealand,194.738,OLED,136.8,553,Available,5.5,195
169539,PANASONIC,TV-77Z95BGZ,New Zealand,194.738,OLED,101.9,413,Available,7,195
169538,PANASONIC,TV-65Z95BGZ,New Zealand,163.897,OLED,95.8,388,Available,5.5,164
169537,PANASONIC,TV-55Z95BGZ,New Zealand,138.783,OLED,83.4,338,Available,5,139
169512,SAMSUNG,BE85FX-H,"Australia,Fiji,New Zealand",214.783,LCD (LED),142,521,Available,6,215
169509,SAMSUNG,BE75FX-H,"Australia,Fiji,New Zealand",189.338,LCD (LED),136,499,Available,5.5,189
169508,SAMSUNG,BE65FX-H,"Australia,Fiji,New Zealand",163.897,LCD (LED),113,416,Available,5.5,164
169505,HISENSE,75S7Q Series,"Australia,New Zealand",189.34,LCD (LED),123.02,489,Available,6,189
169504,HISENSE,100U6Q PRO series,"Australia,New Zealand",252.784,LCD (LED),248.33,988,Available,5,253
169503,HISENSE,85U6Q PRO series,"Australia,New Zealand",214.783,LCD (LED),154.51,618,Available,6,215
169502,HISENSE,75U6Q PRO series,Australia,189.34,LCD (LED),133.21,539,Available,5.5,189
169501,HISENSE,65U6Q PRO series,"Australia,New Zealand",163.896,LCD (LED),110.31,439,Available,5,164
169500,HISENSE,55U6Q PRO series,"Australia,New Zealand",138.783,LCD (LED),100.24,399,Available,4,139
169499,HISENSE,50U6Q PRO Series,"Australia,New Zealand",125.731,LCD (LED),71.19,285,Available,5,126
169491,SYLVOX,"OT55A6KOEC, OT55KOC","Australia,Fiji,New Zealand",138.783,LCD,79.95,300,Available,5.5,139
169483,BAUHN,ATV50UHDT-0825,Australia,125.725,LCD (LED),56.59,220,Available,6,126
169481,SAMSUNG,QA85Q6FAAW,"Australia,Fiji,New Zealand",214.783,LCD (LED),146,536,Available,6,215
169474,SKYWORTH,SW55G3F,"Australia,New Zealand",138.783,LCD (LED),64.6,260,Available,6,139
169473,SKYWORTH,SW43G3F,"Australia,New Zealand",107.987,LCD (LED),54.9,212,Available,5,108
169466,SAMSUNG,BE55FX-H,"Australia,Fiji,New Zealand",138.783,LCD (LED),79,291,Available,5.5,139
169463,SAMSUNG,BE43FX-H,"Australia,Fiji,New Zealand",107.987,LCD (LED),68,251,Available,4,108
169453,SAMSUNG,BE50FX-H,"Australia,Fiji,New Zealand",125.727,LCD (LED),71,262,Available,5,126
169443,PANASONIC,TN-43S60BGZ,New Zealand,107.95,LCD (LED),35.67,145,Available,6,108
169442,PANASONIC,TN-32S60BGZ,"Fiji,New Zealand",80.038,LCD (LED),21.68,89,Available,6,80
169404,FFALCON,FF40S55,"Australia,Fiji,New Zealand",100.305,LCD (LED),30.3,140,Available,6,100
169403,FFALCON,FF32S55,"Australia,Fiji,New Zealand",79.967,LCD (LED),25.4,130,Available,5,80
169399,KOGAN,KAOD65X98JSV series,"Australia,Fiji,New Zealand",163.829,LCD (LED),105.84,448,Available,5,164
169398,KOGAN,KAOD55X98JSV series,"Australia,Fiji,New Zealand",138.711,LCD (LED),96.66,422,Available,4,139
169376,SAMSUNG,QA75Q6FAAW,"Australia,Fiji,New Zealand",189.338,LCD (LED),134,492,Available,5.5,189
169375,SAMSUNG,QA65Q6FAAW,"Australia,Fiji,New Zealand",163.897,LCD (LED),110,405,Available,5.5,164
169374,SAMSUNG,QA55Q6FAAW,"Fiji,New Zealand",138.783,LCD (LED),78,288,Available,5.5,139
169352,TCL,98X11K,"Australia,Fiji,New Zealand",247.604,LCD (LED),313.1,1350,Available,3.5,248
169349,KOGAN,LED (backlighting) TV,"Australia,New Zealand",80.039,LCD (LED),27.1,116,Available,5.5,80
169348,KOGAN,LED (backlighting) TV,"Australia,New Zealand",138.783,LCD (LED),108.4,441,Available,3.5,139
169329,TOSHIBA,85C350RP,Australia,214.783,LCD (LED),155.84,624,Available,6,215
169328,TOSHIBA,75C350RP,Australia,189.34,LCD (LED),87.19,345,Available,7,189
169327,TOSHIBA,65C350RP,Australia,163.896,LCD (LED),81.08,321,Available,6,164
169326,TOSHIBA,55C350RP,"Australia,New Zealand",138.783,LCD (LED),63.29,259,Available,6,139
169322,AIWA,AWS400G2,Australia,100.332,LCD (LED),35.2,152,Available,5.5,100
169310,DGTEC,DG70UHDW22041,"Australia,New Zealand",176.535,LCD,108.294,397,Available,6,177
169306,PANASONIC,TV-85W95BGZ,New Zealand,214.783,LCD (LED),125.64,506,Available,6,215
169305,PANASONIC,TV-75W95BGZ,New Zealand,189.306,LCD (LED),102.6,413,Available,6,189
169302,PANASONIC,TV-65W95BGZ,New Zealand,163.897,LCD (LED),100.68,406,Available,5.5,164
169300,PANASONIC,TV-55W95BGZ,New Zealand,138.798,LCD (LED),78.3,316,Available,5,139
169288,CHIQ,L40G5AU,"Australia,Fiji,New Zealand",100.305,LCD (LED),36.5,148,Available,6,100
169287,CHIQ,U65M10F,"Australia,Fiji,New Zealand",163.896,LCD (LED),94.1,371,Available,6,164
169286,CHIQ,U65QM10,"Australia,Fiji,New Zealand",163.896,LCD (LED),136.6,520,Available,4.5,164
169285,CHIQ,L32M10,"Australia,Fiji,New Zealand",80.039,LCD (LED),24.2,112,Available,5.5,80
169283,CHIQ,L40M10,"Australia,Fiji,New Zealand",100.332,LCD (LED),35.2,152,Available,5.5,100
169204,LINSAR,LS32HDNFB,Australia,80.043,LCD (LED),15.87,60,Available,8,80
169203,LINSAR,LS24HDNFB,Australia,59.827,LCD (LED),15.38,59,Available,6,60
169197,KOGAN,LED (backlighting) TV,"Australia,New Zealand",138.783,LCD (LED),93.2,378,Available,4.5,139
169174,LG,32LR650BPSA,"Australia,New Zealand",80.043,LCD (LED),30,112,Available,5.5,80
169173,SKYWORTH,40E5500H,"Australia,Fiji,New Zealand",100.342,LCD (LED),32.3,140,Available,6,100
169172,VEON,VNG3F55 Serise,"Australia,Fiji,New Zealand",138.783,LCD (LED),57.9,304,Available,5.5,139
169171,COOCAA,40E5500H,"Australia,Fiji,New Zealand",100.34,LCD (LED),32.9,135,Available,6,100
169170,KOGAN,LED (backlighting) TV,"Australia,New Zealand",163.896,LCD (LED),109.1,436,Available,5,164
169169,SKYWORTH,85Q6600H,"Australia,Fiji,New Zealand",217.425,LCD (LED),181.9,730,Available,5,217
169168,KOGAN,KAQL75MQ8TE,"Australia,New Zealand",189.34,LCD (LED),135.9,531,Available,5.5,189
169165,AKAI,AK40FHDZEN,"Australia,Fiji,New Zealand",100.337,LCD (LED),36.9,137,Available,6,100
169114,KOGAN,KAQL75WQ98 series,"Australia,Fiji,New Zealand",189.306,LCD (LED),130.8,542,Available,5.5,189
169104,RCA,RT-24G01A,"Australia,New Zealand",59.54,LCD,23.89,90,Available,4.5,60
169094,TOSHIBA,85Z770RP,"Australia,New Zealand",214.783,LCD (LED),167.13,666,Available,5.5,215
169093,TOSHIBA,75Z770RP,Australia,189.34,LCD (LED),137.3,548,Available,5.5,189
169092,TOSHIBA,65Z770RP,"Australia,New Zealand",163.896,LCD (LED),128.56,520,Available,4.5,164
169048,ZEN TV,ZEN 2402,"Australia,New Zealand",59.54,LCD,23.82,90,Available,4.5,60
169012,CHIQ,U75M10F,"Australia,Fiji,New Zealand",189.34,LCD,136.1,532,Available,5.5,189
169010,LG,75QNED70ASA,"Australia,New Zealand",189.275,LCD (LED),165,605,Available,5,189
169009,LG,75QNED70A6A,"Australia,New Zealand",189.275,LCD (LED),165,605,Available,5,189
168986,HISENSE,85U8Q,"Australia,New Zealand",214.783,LCD (LED),191.41,780,Available,5,215
168985,HISENSE,75U8Q Series,"Australia,New Zealand",189.34,LCD (LED),169.46,679,Available,4.5,189
168984,HISENSE,65U8Q Series,"Australia,New Zealand",163.896,LCD (LED),129.15,520,Available,4.5,164
168964,ZEN TV,ZEN2401,"Australia,New Zealand",60.934,LCD,21.55,81,Available,5,61
168955,ZEN TV,ZEN 3201,"Australia,New Zealand",79.831,LCD (LED),35.97,134,Available,4.5,80
168888,SVISION,SV500FTS,"Australia,Fiji,New Zealand",125.731,LCD (LED),47.9,224,Available,6,126
168867,KOGAN,KAQL85 series,"Australia,Fiji,New Zealand",214.783,LCD (LED),216.3,863,Available,4.5,215
168855,HISENSE,100Q7Q series,"Australia,New Zealand",252.784,LCD (LED),238.44,955,Available,5.5,253
168854,HISENSE,85Q7Q series,"Australia,New Zealand",214.783,LCD (LED),175.06,698,Available,5.5,215
168853,HISENSE,75Q7Q series,"Australia,New Zealand",189.34,LCD (LED),122.25,489,Available,6,189
168852,HISENSE,65Q7Q series,"Australia,New Zealand",163.896,LCD (LED),104.99,416,Available,5.5,164
168848,LG,32LR655BPSA,"Australia,New Zealand",80.043,LCD (LED),30,112,Available,5.5,80
168804,SKYWORTH,SW55G4F,"Australia,Fiji,New Zealand",138.783,LCD (LED),64.3,260,Available,6,139
168801,TCL,40S5K,"Australia,Fiji,New Zealand",100.305,LCD (LED),30.3,140,Available,6,100
168800,TCL,32S5K,"Australia,Fiji,New Zealand",79.967,LCD (LED),25.4,130,Available,5,80
168799,AKAI,AK4022S7WOS,"Australia,Fiji,New Zealand",100.336,LCD,36.26,150,Available,6,100
168796,TCL,115C7K,"Australia,Fiji,New Zealand",290.719,LCD (LED),280,1100,Available,6,291
168795,TCL,85X11K,"Australia,Fiji,New Zealand",214.783,LCD (LED),239.2,980,Available,3.5,215
168733,KOGAN,KALED50U95V series,"Australia,Fiji,New Zealand",125.725,LCD (LED),60.48,247,Available,5.5,126
168672,SAMSUNG,QA98QN990F*,"Australia,Fiji,New Zealand",247.688,LCD (LED),358,1310,Available,3.5,248
168520,COOCAA,55G6500H,"Australia,Fiji,New Zealand",138.783,LCD (LED),67.9,280,Available,5.5,139
168465,HISENSE,55U7QNZ,"Australia,New Zealand",138.783,LCD (LED),92.78,379,Available,4.5,139
168456,FFALCON,FF75U65,"Australia,Fiji,New Zealand",189.306,LCD (LED),97.2,400,Available,6,189
168455,FFALCON,FF65U65,"Australia,Fiji,New Zealand",163.829,LCD (LED),77.1,320,Available,6,164
168454,FFALCON,FF55U65,"Australia,Fiji,New Zealand",138.711,LCD (LED),64.3,261,Available,6,139
168453,FFALCON,FF50U65,"Australia,Fiji,New Zealand",125.638,LCD (LED),50,205,Available,6,126
168452,FFALCON,FF43U65,"Australia,Fiji,New Zealand",107.95,LCD (LED),42.7,175,Available,5.5,108
168380,BAUHN,ATV75UHDT-0725,Australia,189.34,LCD,130.5,485,Available,6,189
168377,SAMSUNG ELECTRONICS,QA75LST7TAW,"Australia,Fiji,New Zealand",189.306,LCD (LED),340,1244,Available,1.5,189
168376,SAMSUNG ELECTRONICS,QA65LST7TAW,"Australia,Fiji,New Zealand",163.829,LCD (LED),271,992,Available,1.5,164
168365,PHILIPS,55OLED789/98,"Australia,Fiji,New Zealand",138.798,OLED,97,391,Available,4,139
168298,PHILIPS,65OLED789/98,"Australia,Fiji,New Zealand",163.878,OLED,122.5,493,Available,4.5,164
168270,SAMSUNG,QA65QN3EFAS,"Australia,Fiji,New Zealand",163.897,LCD (LED),136,499,Available,4.5,164
168269,SAMSUNG,QA55QN3EFA*,"Australia,Fiji,New Zealand",138.783,LCD (LED),113,416,Available,4,139
168247,TOSHIBA,85Z670RP,Australia,214.783,LCD (LED),171.81,688,Available,5.5,215
168246,TOSHIBA,75Z670RP,Australia,189.34,LCD (LED),121.59,489,Available,6,189
168245,TOSHIBA,65Z670RP,Australia,163.896,LCD (LED),105.39,416,Available,5.5,164
168244,TOSHIBA,55Z670RP,Australia,138.783,LCD (LED),75.21,305,Available,5.5,139
168235,LG,65QNED70ASA,"Australia,New Zealand",163.897,LCD (LED),118,433,Available,5,164
168234,LG,65QNED70A6A,"Australia,New Zealand",163.897,LCD (LED),118,433,Available,5,164
168233,LG,55QNED70ASA,"Australia,New Zealand",138.783,LCD (LED),92,338,Available,5,139
168232,LG,55QNED70A6A,"Australia,New Zealand",138.783,LCD (LED),92,338,Available,5,139
168114,TCL,98C7K,"Australia,Fiji,New Zealand",247.604,LCD (LED),164,800,Available,6,248
168096,SAMSUNG,QA50Q*F SERIES,"Australia,Fiji,New Zealand",125.727,LCD (LED),79,291,Available,4.5,126
168094,SAMSUNG,QA43Q*F SERIES,"Australia,Fiji,New Zealand",107.987,LCD (LED),68,251,Available,4,108
168071,PHILIPS,55PQT9020/79,"Australia,Fiji,New Zealand",138.783,LCD (LED),136.1,532,Available,3,139
168069,AIWA,AWC400W,Australia,100.332,LCD,33.1,123,Available,6,100
168053,LINSAR,LS60UHDNF25,"Australia,Fiji,New Zealand",152.678,LCD,86.09,320,Available,6,153
168020,EKO,K320HGPB,"Australia,Fiji,New Zealand",80.054,LCD (LED),32.4,127,Available,5,80
168019,JVC,AV-AE657155A series,"Australia,Fiji,New Zealand",165.884,LCD (LED),107.58,448,Available,5,166
168018,JVC,AV-A657155A series,"Australia,Fiji,New Zealand",163.829,LCD (LED),156.42,640,Available,3.5,164
168017,JVC,AV-AE557155A series,"Australia,Fiji,New Zealand",139.936,LCD (LED),75.48,302,Available,5.5,140
168016,JVC,AV-A557155A series,"Australia,Fiji,New Zealand",138.798,LCD (LED),112.38,466,Available,3.5,139
168014,JVC,AV-AQ405165A series,"Australia,Fiji,New Zealand",107.863,LCD (LED),47.04,194,Available,5.5,108
168011,LINSAR,LS70UHDNF23,Australia,176.537,LCD (LED),108.29,397,Available,6,177
168010,JVC,LT-40NQ5155A,"Australia,Fiji,New Zealand",100.305,LCD (LED),32.46,151,Available,6,100
167969,COOCAA,32E5500H,"Australia,Fiji,New Zealand",80.054,LCD (LED),24.3,100,Available,6,80
167940,EKO,K70USTW,"Australia,Fiji,New Zealand",176.538,LCD (LED),147.1,690,Available,3.5,177
167844,LG,"85QNED9#### (# can be A-Z, 0-9 or ""-"" or ""."" or blank)","Australia,Fiji,New Zealand",214.783,LCD (LED),225.8,952,Available,4,215
167843,HISENSE,100U7Q series,"Australia,New Zealand",252.784,LCD (LED),222.34,888,Available,5.5,253
167842,HISENSE,85U7Q series,"Australia,New Zealand",214.783,LCD (LED),186.38,759,Available,5,215
167841,HISENSE,75U7Q series,"Australia,New Zealand",189.34,LCD (LED),145.91,579,Available,5,189
167840,HISENSE,65U7Q series,"Australia,New Zealand",163.896,LCD (LED),115.94,465,Available,5,164
167839,HISENSE,85Q6Q series,"Australia,New Zealand",214.783,LCD (LED),177.89,698,Available,5.5,215
167838,HISENSE,75Q6N series,"Australia,New Zealand",189.34,LCD (LED),117.04,479,Available,6,189
167837,HISENSE,65Q6Q series,"Australia,New Zealand",163.896,LCD (LED),98.86,399,Available,5.5,164
167836,HISENSE,55Q6Q series,"Australia,New Zealand",138.783,LCD (LED),62,259,Available,6,139
167835,HISENSE,50Q6Q series,"Australia,New Zealand",125.731,LCD (LED),59.02,239,Available,5.5,126
167834,HISENSE,43Q6Q series,"Australia,New Zealand",107.95,LCD (LED),51.09,203,Available,5,108
167833,HISENSE,32A4QNZ,"Australia,New Zealand",80.039,LCD (LED),22.07,89,Available,6,80
167832,HISENSE,40A4Q,"Australia,New Zealand",100.332,LCD (LED),28.17,121,Available,7,100
167828,LG,"75QNED9#### (# can be A-Z, 0-9 or ""-"" or “.” or blank)","Australia,Fiji,New Zealand",189.34,LCD (LED),190.2,806,Available,3.5,189
167807,KOGAN,KAL24DH5400Q*,"Australia,Fiji,New Zealand",59.816,LCD (LED),20.83,85,Available,5,60
167795,LG,"65QNED9#### (# can be A-Z, 0-9 or ""-"" or ""."" or blank)","Australia,Fiji,New Zealand",163.896,LCD (LED),159.1,678,Available,3,164
167783,LG,65UA8450PSA,"Australia,New Zealand",163.897,LCD (LED),118,433,Available,5,164
167753,EKO,K40FST,"Australia,Fiji,New Zealand",100.335,LCD,59.75,230,Available,4,100
167751,BLAUPUNKT,BP400FTS,"Australia,Fiji,New Zealand",100.335,LCD,59.75,230,Available,4,100
167749,KOGAN,KALED55U95TA,"Australia,Fiji,New Zealand",138.783,LCD (LED),65.43,258,Available,6,139
167720,EKO,K50USW3,"Australia,Fiji,New Zealand",125.731,LCD (LED),69.5,284,Available,5,126
167694,TCL,75P7K,"Australia,Fiji,New Zealand",189.306,LCD (LED),104.7,460,Available,6,189
167652,LG,OLED83B56LA,"Australia,New Zealand",209.585,OLED,151,554,Available,6,210
167651,LG,OLED83B5PSA,"Australia,New Zealand",209.585,OLED,151,554,Available,6,210
167637,TCL,98C8K,"Australia,Fiji,New Zealand",247.604,LCD (LED),165.6,769,Available,6,248
167635,TCL,75C8K,"Australia,Fiji,New Zealand",189.306,LCD (LED),128.9,547,Available,5.5,189
167634,TCL,65C8K,"Australia,Fiji,New Zealand",163.829,LCD (LED),107.4,450,Available,5,164
167604,TCL,85P7K,"Australia,Fiji,New Zealand",214.783,LCD (LED),186.5,826,Available,4.5,215
167560,SAMSUNG,QA85QN1EFA*,"Australia,Fiji,New Zealand",214.783,LCD (LED),220,806,Available,4.5,215
167559,SAMSUNG,QA75QN1EFA*,"Australia,Fiji,New Zealand",189.338,LCD (LED),178,653,Available,4.5,189
167558,SAMSUNG,QA65QN1EFA*,"Australia,Fiji,New Zealand",163.897,LCD (LED),131,481,Available,4.5,164
167556,SAMSUNG,QA55QN1EFA*,"Australia,Fiji,New Zealand",138.783,LCD (LED),112,412,Available,4,139
167555,SAMSUNG,QA75QN990F*,"Australia,Fiji,New Zealand",189.338,LCD (LED),285,1043,Available,2.5,189
167445,BAUHN,ATV43FHDW-0325,Australia,109.465,LCD,39.8,172,Available,6,109
167441,EMETE,EME-10XXTE,"Australia,New Zealand",252.784,LCD (LED),320,1201,Available,4,253
167440,EMETE,EME-85XXTE,"Australia,New Zealand",214.783,LCD (LED),199.69,740,Available,5,215
167439,EMETE,EME-75XXTE,"Australia,New Zealand",189.275,LCD (LED),175.6,650,Available,4.5,189
167438,EMETE,EME-65XXTE,"Australia,New Zealand",163.878,LCD (LED),110.08,415,Available,5.5,164
167437,EMETE,EME-55XXTE,"Australia,Fiji,New Zealand",138.798,LCD (LED),104.8,391,Available,4,139
167435,LG,75QNED86A6A,"Australia,New Zealand",189.275,LCD (LED),106,389,Available,7,189
167434,LG,50QNED80ASA,"Australia,New Zealand",125.727,LCD (LED),68,251,Available,5.5,126
167433,LG,65UA7350PSB,"Australia,Fiji,New Zealand",163.897,LCD (LED),115,422,Available,5,164
167432,LG,75UA8450PSA,"Australia,Fiji,New Zealand",189.275,LCD (LED),137,502,Available,5.5,189
167431,LG,43UA7350PSB,"Australia,Fiji,New Zealand",107.987,LCD (LED),66,242,Available,4.5,108
167430,LG,86UA8450PSA,"Australia,Fiji,New Zealand",217.425,LCD (LED),155,568,Available,6,217
167429,LG,50UA7350PSB,"Australia,Fiji,New Zealand",125.727,LCD (LED),81,297,Available,4.5,126
167414,LG,55UA7350PSB,"Australia,Fiji,New Zealand",138.783,LCD (LED),91,334,Available,5,139
167411,AIWA,AWS550G,Australia,138.783,LCD (LED),65.43,258,Available,6,139
167372,SAMSUNG,QA100QN80F*,"Australia,Fiji,New Zealand",252.784,LCD (LED),282,1032,Available,5,253
167371,SAMSUNG,85Q7F,"Australia,Fiji,New Zealand",214.783,LCD (LED),187,686,Available,5.5,215
167370,SAMSUNG,QA75Q*F SERIES,"Australia,Fiji,New Zealand",189.338,LCD (LED),143,525,Available,5.5,189
167369,SAMSUNG,QA85QN990F*,"Australia,Fiji,New Zealand",214.783,LCD (LED),330,1208,Available,3,215
167367,SAMSUNG,QA65QN990F*,"Australia,Fiji,New Zealand",163.897,LCD (LED),259,948,Available,1.5,164
167356,SAMSUNG,QA65Q*F SERIES,"Australia,Fiji,New Zealand",163.897,LCD (LED),117,430,Available,5,164
167343,SAMSUNG,55Q7F,"Australia,Fiji,New Zealand",138.783,LCD (LED),84,310,Available,5,139
167317,MONSTER,MT32HDNFB,Australia,80.043,LCD (LED),15.87,60,Available,8,80
167265,MONSTER,MT24HDNFB,Australia,59.827,LCD (LED),15.38,59,Available,6,60
167250,SAMSUNG,QA50QN90FA*,"Australia,Fiji,New Zealand",125.727,LCD (LED),77,284,Available,5,126
167249,SAMSUNG,QA85LS03FW*,"Australia,Fiji,New Zealand",214.783,LCD (LED),220,806,Available,4.5,215
167247,SAMSUNG,QA75LS03FW*,"Australia,Fiji,New Zealand",189.338,LCD (LED),189,693,Available,4,189
167245,SAMSUNG,QA65LS03FAW,"Australia,Fiji,New Zealand",163.897,LCD (LED),153,562,Available,4,164
167244,SAMSUNG,QA50LS03FA*,"Australia,Fiji,New Zealand",125.727,LCD (LED),92,339,Available,4,126
167242,SAMSUNG,QA85QN85FA*,"Australia,Fiji,New Zealand",214.783,LCD (LED),211,773,Available,5,215
167240,SAMSUNG,QA75QN85FA*,"Australia,Fiji,New Zealand",189.338,LCD (LED),166,609,Available,5,189
167239,SAMSUNG,QA65QN85FA*,"Australia,Fiji,New Zealand",163.897,LCD (LED),140,514,Available,4.5,164
167238,SKYWORTH,24LP60G,"Australia,Fiji,New Zealand",60.469,LCD (LED),16.33,76,Available,5.5,60
167235,SAMSUNG,QA55QN85FA*,"Australia,Fiji,New Zealand",138.783,LCD (LED),111,408,Available,4,139
167232,SAMSUNG,UA85U8500FS,"Australia,Fiji,New Zealand",214.783,LCD (LED),142,521,Available,6,215
167231,SAMSUNG,UA75U**00F*,"Australia,Fiji,New Zealand",189.338,LCD (LED),136,499,Available,5.5,189
167230,SAMSUNG,UA65U8500FS,"Australia,Fiji,New Zealand",163.897,LCD (LED),113,416,Available,5.5,164
167228,SAMSUNG,UA55U8000FS,"Australia,Fiji,New Zealand",138.783,LCD (LED),79,291,Available,5.5,139
167216,SAMSUNG,UA50U**00F*,"Australia,Fiji,New Zealand",125.727,LCD (LED),71,262,Available,5,126
167213,SAMSUNG,UA43U8500FS,"Australia,Fiji,New Zealand",107.987,LCD (LED),68,251,Available,4,108
167202,LG,100QNED86AS,"Australia,New Zealand",252.784,LCD (LED),260,952,Available,5.5,253
167194,LG,100QNED86A6,"Australia,New Zealand",252.784,LCD (LED),260,952,Available,5.5,253
167183,SAMSUNG,QA85QN80FA*,"Australia,Fiji,New Zealand",214.783,LCD (LED),248,908,Available,4,215
167182,SAMSUNG,QA75QN80FA*,"Australia,Fiji,New Zealand",189.338,LCD (LED),204,748,Available,4,189
167181,SAMSUNG,QA50QN80FA*,"Australia,Fiji,New Zealand",127.225,LCD (LED),100,368,Available,4,127
167179,SAMSUNG,QA55QN80FA*,"Australia,Fiji,New Zealand",138.783,LCD (LED),107,394,Available,4,139
167174,SONY,K-98XR50,"Australia,New Zealand",247.691,LCD (LED),356.4,1306,Available,3.5,248
167032,SAMSUNG,QA43Q8F*A*,"Australia,Fiji,New Zealand",107.987,LCD (LED),68,251,Available,4,108
167031,SAMSUNG,QA50Q8F*A*,"Australia,Fiji,New Zealand",125.727,LCD (LED),75,277,Available,5,126
167029,SAMSUNG,QA55Q8F*A*,"Australia,Fiji,New Zealand",138.783,LCD (LED),79,291,Available,5.5,139
167027,SAMSUNG,QA65Q8F*A*,"Australia,Fiji,New Zealand",163.897,LCD (LED),122,448,Available,5,164
167025,SAMSUNG,QA75Q8F*A*,"Australia,Fiji,New Zealand",189.338,LCD (LED),181,664,Available,4.5,189
167024,SAMSUNG,QA85Q8F*A*,"Australia,Fiji,New Zealand",214.783,LCD (LED),196,718,Available,5,215
167021,SAMSUNG,QA83S95FAE,"Australia,Fiji,New Zealand",209.585,LCD (LED),248,908,Available,4,210
167019,SAMSUNG,QA65LS03FW*,"Australia,Fiji,New Zealand",163.897,LCD (LED),154,565,Available,4,164
167018,SAMSUNG ELECTRONICS,UA75TU8000,"Australia,Fiji,New Zealand",189.579,LCD (LED),154,565,Available,5,190
167016,SAMSUNG ELECTRONICS,UA43TU8000,"Australia,Fiji,New Zealand",107.95,LCD (LED),69,255,Available,4,108
167010,LG,OLED97M56LA,"Australia,New Zealand",245.145,OLED,253,926,Available,5,245
167009,LG,OLED97M5PSA,"Australia,New Zealand",245.145,OLED,253,926,Available,5,245
167008,LG,OLED97G56LA,"Australia,New Zealand",245.145,OLED,228,835,Available,5.5,245
167007,LG,OLED97G5PSA,"Australia,New Zealand",245.145,OLED,228,835,Available,5.5,245
167005,TCL,43P7K,"Australia,Fiji,New Zealand",107.95,LCD (LED),50.5,220,Available,4.5,108
167002,SAMSUNG,QA65QN990F*,"Australia,Fiji,New Zealand",163.897,LCD (LED),282,1032,Available,1,164
166999,TCL,65P7K,"Australia,Fiji,New Zealand",163.829,LCD (LED),75,320,Available,6,164
166962,SAMSUNG,QA98QN90FA*,"Australia,Fiji,New Zealand",247.688,LCD (LED),242,886,Available,5.5,248
166961,SAMSUNG,QA85QN990F*,"Australia,Fiji,New Zealand",214.783,LCD (LED),360,1317,Available,2.5,215
166960,SAMSUNG,QA85QN90FA*,"Australia,Fiji,New Zealand",214.783,LCD (LED),211,773,Available,5,215
166959,SAMSUNG,QA85QN900F*,"Australia,Fiji,New Zealand",214.783,LCD (LED),286,1047,Available,3.5,215
166957,SAMSUNG,QA85QN70FA*,"Australia,Fiji,New Zealand",214.783,LCD (LED),199,729,Available,5,215
166956,SAMSUNG,QA83S85FAE,"Australia,Fiji,New Zealand",209.585,LCD (LED),186,682,Available,5,210
166955,SAMSUNG,QA77S95FA*,"Australia,Fiji,New Zealand",195.177,LCD (LED),216,791,Available,4,195
166954,SAMSUNG,QA75QN90FA*,"Australia,Fiji,New Zealand",189.338,LCD (LED),151,554,Available,5,189
166953,SAMSUNG,QA75QN900F*,"Australia,Fiji,New Zealand",189.338,LCD (LED),271,992,Available,2.5,189
166901,SAMSUNG,QA75QN70FA*,"Australia,Fiji,New Zealand",189.338,LCD (LED),156,572,Available,5,189
166900,TCL,65C7K,"Australia,Fiji,New Zealand",163.829,LCD (LED),134.4,510,Available,4.5,164
166899,SAMSUNG,QA65S95FA*,"Australia,Fiji,New Zealand",163.897,LCD (LED),152,558,Available,4,164
166898,SAMSUNG,QA65QN90FA*,"Australia,Fiji,New Zealand",163.897,LCD (LED),137,503,Available,4.5,164
166897,SAMSUNG,QA65QN70FA*,"Australia,Fiji,New Zealand",163.897,LCD (LED),141,518,Available,4.5,164
166887,SAMSUNG,QA55QN70FA*,"Australia,Fiji,New Zealand",138.783,LCD (LED),107,394,Available,4,139
166886,SAMSUNG,QA43QN90FA*,"Australia,Fiji,New Zealand",107.987,LCD (LED),62,229,Available,4.5,108
166885,SAMSUNG,QA42S90FAE,"Australia,Fiji,New Zealand",105.52,LCD (LED),67,248,Available,4,106
166828,LG,OLED83M56LA,"Australia,New Zealand",209.585,OLED,214,785,Available,4.5,210
166827,LG,OLED83M5PSA,"Australia,New Zealand",209.585,OLED,214,785,Available,4.5,210
166826,LG,OLED77M56LA,"Australia,New Zealand",194.738,OLED,178,654,Available,4.5,195
166824,SONY,K-85XR50,"Australia,New Zealand",214.783,LCD (LED),216.9,797,Available,4.5,215
166823,LG,OLED77M5PSA,"Australia,New Zealand",194.738,OLED,178,654,Available,4.5,195
166822,LG,43UA8450PSA,"Australia,New Zealand",107.987,LCD (LED),70,258,Available,4,108
166821,LG,OLED77T4PSA,"Australia,New Zealand",194.738,OLED,182,667,Available,4.5,195
166818,SONY,K-75XR50,"Australia,New Zealand",189.306,LCD (LED),195.4,719,Available,4,189
166813,PHILIPS,86PQT9020/79,"Australia,Fiji,New Zealand",217.427,LCD (LED),287.2,1163,Available,3,217
166812,PHILIPS,65PQT9020/79,"Australia,Fiji,New Zealand",163.896,LCD (LED),175.9,722,Available,3,164
166810,BAUHN,ATV55UHDW-0425,Australia,138.401,LCD,70,270,Available,6,138
166809,EKO,K430FGTQ,"Australia,Fiji,New Zealand",108.135,LCD,45.012,196,Available,5,108
166801,HYUNDAI,H75UHDQLDZEN,"Australia,Fiji,New Zealand",189.34,LCD (LED),122.94,451,Available,6,189
166799,HYUNDAI,H65UHDQLDZEN,"Australia,Fiji,New Zealand",163.896,LCD (LED),92,338,Available,6,164
166798,HYUNDAI,H55UHDQLDZEN,"Australia,Fiji,New Zealand",138.783,LCD (LED),71.5,263,Available,6,139
166797,HYUNDAI,H50UHDQLDZEN,"Australia,Fiji,New Zealand",125.731,LCD (LED),58.81,217,Available,6,126
166787,SAMSUNG,QA55QN90FA*,"Australia,Fiji,New Zealand",138.783,LCD (LED),110,405,Available,4,139
166784,SAMSUNG,QA77S90FAE,"Australia,Fiji,New Zealand",194.738,LCD (LED),174,638,Available,5,195
166783,SAMSUNG,QA65S90FAE,"Australia,Fiji,New Zealand",163.897,LCD (LED),145,532,Available,4,164
166782,SAMSUNG,QA65S85FAE,"Australia,Fiji,New Zealand",163.897,LCD (LED),129,474,Available,4.5,164
166773,EKO,K650UGT2Q,"Australia,Fiji,New Zealand",163.829,LCD,94.65,580,Available,4,164
166766,HISENSE,65S7NAU,Australia,163.896,LCD (LED),105.58,416,Available,5.5,164
166765,HISENSE,55S7NAU,Australia,138.783,LCD (LED),87.99,381,Available,4.5,139
166760,SAMSUNG,QA55S95FA*,"Australia,Fiji,New Zealand",138.783,LCD (LED),109,401,Available,4,139
166757,PHILIPS,75PQT9020/79,"Australia,Fiji,New Zealand",189.34,LCD (LED),203.5,824,Available,3.5,189
166754,BAUHN,ATV32HDW-0425,Australia,80.06,LCD,25.23,101,Available,6,80
166746,SAMSUNG,QA55S85FAE,"Australia,Fiji,New Zealand",138.783,LCD (LED),104,383,Available,4,139
166741,SAMSUNG,QA65QN80FA*,"Australia,Fiji,New Zealand",163.897,LCD (LED),154,565,Available,4,164
166711,TCL,50P7K,"Australia,Fiji,New Zealand",125.638,LCD (LED),60.2,245,Available,5.5,126
166710,TCL,55P7K,"Australia,Fiji,New Zealand",138.711,LCD (LED),69.8,284,Available,5.5,139
166681,LG,OLED65M59LA,"Australia,New Zealand",163.896,OLED,140,514,Available,4.5,164
166680,LG,OLED65M5PSA,"Australia,New Zealand",163.896,OLED,140,514,Available,4.5,164
166679,LG,55UA8450PSA,"Australia,New Zealand",138.783,LCD (LED),92,338,Available,5,139
166678,LG,50UA8450PSA,"Australia,New Zealand",125.727,LCD (LED),83,305,Available,4.5,126
166677,LG,43QNED82ASA,"Australia,New Zealand",107.987,LCD (LED),70,258,Available,4,108
166672,KONIC,KKD40GS376AM,New Zealand,100.337,LCD (LED),43.6,162,Available,5.5,100
166671,KONIC,KKD32GS376AM,New Zealand,80.039,LCD (LED),31.2,116,Available,5.5,80
166640,EKO,K49FST,"Australia,Fiji,New Zealand",125.731,LCD (LED),47.9,224,Available,6,126
166639,AIWA,AWS500QW,Australia,125.731,LCD (LED),79.06,321,Available,4,126
166637,AIWA,AWS650QW,Australia,163.896,LCD (LED),134.33,541,Available,4,164
166636,AIWA,AWS550QW,Australia,138.783,LCD (LED),98.27,397,Available,4,139
166629,BLAUPUNKT,BP650USG98,"Australia,Fiji,New Zealand",163.829,LCD,94.65,580,Available,4,164
166618,AIWA,AWS650G2,Australia,163.896,LCD (LED),92.9,371,Available,6,164
166617,AIWA,AWS430QW,Australia,107.953,LCD (LED),45.69,170,Available,6,108
166612,SAMSUNG,QA77S85FAE,"Australia,Fiji,New Zealand",194.738,LCD (LED),138,507,Available,6,195
166610,SAMSUNG,QA83S90FAE,"Australia,Fiji,New Zealand",209.585,LCD (LED),216,791,Available,4.5,210
166597,BLAUPUNKT,BP500FTS,"Australia,Fiji,New Zealand",125.731,LCD (LED),47.9,224,Available,6,126
166560,SAMSUNG,QA55S90FA*,"Australia,Fiji,New Zealand",138.783,LCD (LED),109,401,Available,4,139
166559,AKAI,AK40S9ZEN,Australia,100.34,LCD (LED),40.4,149,Available,6,100
166555,SAMSUNG,QA48S90FAE,"Australia,Fiji,New Zealand",120.721,LCD (LED),79,291,Available,4.5,121
166554,SAMSUNG,QA55LS03FA*,"Australia,Fiji,New Zealand",138.783,LCD (LED),111,408,Available,4,139
166552,SAMSUNG,QA43LS03FA*,"Australia,Fiji,New Zealand",107.987,LCD (LED),70,259,Available,4,108
166545,TCL,98P7K,"Australia,Fiji,New Zealand",247.604,LCD (LED),148.6,700,Available,6,248
166543,SAMSUNG,QA65QN900F*,"Australia,Fiji,New Zealand",163.897,LCD (LED),248,908,Available,2,164
166538,BLAUPUNKT,BP500USG98,"Australia,Fiji,New Zealand",125.638,LCD,96.612,376,Available,3.5,126
166537,EKO,K500UGTQ,"Australia,Fiji,New Zealand",125.638,LCD,96.612,376,Available,3.5,126
166520,EKO,K550UGTQ,"Australia,Fiji,New Zealand",138.798,LCD,87.96,349,Available,4.5,139
166500,BAUHN,ATV70UHDW-****,Australia,176.537,LCD (LED),108.29,397,Available,6,177
166493,JVC,LT-50NQ7145AE,"Australia,Fiji,New Zealand",125.731,LCD (LED),49.6,210,Available,6,126
166479,LG,86QNED9MASA,"Australia,New Zealand",217.425,LCD (LED),187,685,Available,5.5,217
166478,LG,86QNED9MA6A,"Australia,New Zealand",217.425,LCD (LED),187,685,Available,5.5,217
166477,LG,75QNED9MASA,"Australia,New Zealand",189.275,LCD (LED),153,561,Available,5,189
166476,LG,75QNED9MA6A,"Australia,New Zealand",189.275,LCD (LED),153,561,Available,5,189
166475,LG,65QNED9MASA,"Australia,New Zealand",163.897,LCD (LED),140,515,Available,4.5,164
166474,LG,65QNED9MA6A,"Australia,New Zealand",163.897,LCD (LED),140,515,Available,4.5,164
166440,EKO,K750UGTWQ,"Australia,Fiji,New Zealand",189.306,LCD,204.81,811,Available,3.5,189
166439,BLAUPUNKT,BP750USG98,"Australia,Fiji,New Zealand",189.306,LCD,204.81,811,Available,3.5,189
166435,SONY,K-65XR50,"Australia,New Zealand",163.878,LCD (LED),150.7,556,Available,4,164
166434,SONY,K-55XR50,"Australia,New Zealand",138.798,LCD (LED),111.8,414,Available,4,139
166422,BLAUPUNKT,BP400FSG98,"Australia,Fiji,New Zealand",100.791,LCD,50.5,186,Available,5,101
166409,BAUHN,ATV70UHDW-0325,"Australia,Fiji,New Zealand",176.555,LCD (LED),109.038,400,Available,6,177
166357,TCL,85C6K,"Australia,Fiji,New Zealand",214.783,LCD (LED),175.2,768,Available,5,215
166356,TCL,75C6K,"Australia,Fiji,New Zealand",189.306,LCD (LED),140,600,Available,5,189
166355,TCL,65C6K,"Australia,Fiji,New Zealand",163.829,LCD (LED),115,460,Available,5,164
166354,TCL,55C6K,"Australia,Fiji,New Zealand",138.711,LCD (LED),86.5,380,Available,4.5,139
166353,TCL,85C7K,"Australia,Fiji,New Zealand",214.783,LCD (LED),175.2,768,Available,5,215
166352,TCL,75C7K,"Australia,Fiji,New Zealand",189.306,LCD (LED),190,755,Available,4,189
166351,TCL,50C7K,"Australia,Fiji,New Zealand",125.638,LCD (LED),87.6,353,Available,4,126
166349,TCL,55C7K,"Australia,Fiji,New Zealand",138.711,LCD (LED),106,425,Available,4,139
166346,LG,OLED83C56LA,"Australia,New Zealand",209.585,OLED,189,692,Available,5,210
166345,LG,OLED83C5PSA,"Australia,New Zealand",209.585,OLED,189,692,Available,5,210
166344,LG,75QNED82ASA,"Australia,New Zealand",189.275,LCD (LED),106,389,Available,7,189
166343,LG,50QNED82ASA,"Australia,New Zealand",125.727,LCD (LED),81,298,Available,4.5,126
166330,BLAUPUNKT,BP700UTS,"Australia,Fiji,New Zealand",176.538,LCD (LED),147.1,690,Available,3.5,177
166280,JVC,AV-JQ757115A series,"Australia,Fiji,New Zealand",189.306,LCD (LED),106.68,466,Available,6,189
166276,JVC,AQ657155 series,"Australia,Fiji,New Zealand",163.829,LCD (LED),105.96,448,Available,5,164
166274,JVC,AQ557155A series,"Australia,Fiji,New Zealand",138.798,LCD (LED),61.38,247,Available,6,139
166273,JVC,LT-43NQ5155A,"Australia,Fiji,New Zealand",107.95,LCD (LED),38.4,163,Available,6,108
166272,JVC,LT-32NQ5155A,"Australia,Fiji,New Zealand",80.054,LCD (LED),24.84,110,Available,5.5,80
166238,PHILIPS,86PUT7039/79,"Australia,New Zealand",217.427,LCD (LED),231,963,Available,4,217
166237,PHILIPS,65PUT7039/79,"Australia,New Zealand",165.633,LCD (LED),115,462,Available,5,166
166235,PHILIPS,75PUT7039/79,"Australia,New Zealand",189.274,LCD (LED),162,667,Available,4.5,189
166222,QBELL,QTU70T,"Australia,Fiji,New Zealand",176.538,LCD (LED),147.1,690,Available,3.5,177
166205,LG,86QNED86ASA,"Australia,New Zealand",217.425,LCD (LED),138,506,Available,7,217
166204,LG,86QNED86A6A,"Australia,New Zealand",217.425,LCD (LED),138,506,Available,7,217
166203,LG,50QNED86ASA,"Australia,New Zealand",125.727,LCD (LED),68,251,Available,5.5,126
166202,LG,86QNED82ASA,"Australia,New Zealand",217.425,LCD (LED),132,484,Available,7,217
166201,LG,65QNED82ASA,"Australia,New Zealand",163.897,LCD (LED),98,360,Available,6,164
166200,LG,55QNED82ASA,"Australia,New Zealand",138.783,LCD (LED),92,338,Available,5,139
166199,LG,OLED77B56LA,"Australia,New Zealand",194.738,OLED,135,495,Available,6,195
166198,LG,OLED77B5PSA,"Australia,New Zealand",194.738,OLED,135,495,Available,6,195
166197,LG,OLED65G56LA,"Australia,New Zealand",163.897,OLED,115,422,Available,5,164
166179,LG,OLED65G5PSA,"Australia,New Zealand",163.897,OLED,115,422,Available,5,164
166155,EKO,K32HSWV12,"Australia,Fiji,New Zealand",80.039,LCD (LED),35.3,131,Available,5,80
166151,PRISM+,M75,Australia,189.338,LCD (LED),140.4,580,Available,5,189
166150,PRISM+,M65,Australia,163.897,LCD (LED),111.6,450,Available,5,164
166115,PRISM+,M55,Australia,138.783,LCD (LED),79.3,320,Available,5,139
166110,LINSAR,LS24HDNF-12V,"Australia,Fiji,New Zealand",59.774,LCD,17.766,68,Available,6,60
166107,SAMSUNG,UA43F6000FS,"Australia,Fiji,New Zealand",107.987,LCD (LED),49,182,Available,5.5,108
166098,PHILIPS,55PUT7039/79,"Australia,New Zealand",138.783,LCD (LED),99.2,404,Available,4,139
166097,PHILIPS,50PUT7039/79,"Australia,New Zealand",125.731,LCD (LED),91.5,375,Available,3.5,126
166088,LG,55QNED81ASA,"Australia,New Zealand",138.783,LCD (LED),82,302,Available,5.5,139
166087,LG,55QNED80A6A,"Australia,New Zealand",138.783,LCD (LED),82,302,Available,5.5,139
166086,LG,55NANO80ASA,"Australia,New Zealand",138.783,LCD (LED),92,338,Available,5,139
166085,LG,55NANO80A6A,"Australia,New Zealand",138.783,LCD (LED),92,338,Available,5,139
166084,LG,50NANO80ASA,"Australia,New Zealand",125.727,LCD (LED),83,305,Available,4.5,126
166083,LG,50NANO80A6A,"Australia,New Zealand",125.727,LCD (LED),83,305,Available,4.5,126
166082,LG,43QNED81ASA,"Australia,New Zealand",107.987,LCD (LED),64,236,Available,4.5,108
166081,LG,43QNED80A6A,"Australia,New Zealand",107.987,LCD (LED),64,236,Available,4.5,108
166080,LG,43NANO80ASA,"Australia,New Zealand",107.987,LCD (LED),70,258,Available,4,108
166079,LG,43NANO80A6B,"Australia,New Zealand",107.987,LCD (LED),70,258,Available,4,108
166078,LG,OLED48B5PSA,"Australia,New Zealand",120.721,OLED,74,273,Available,4.5,121
166077,LG,86QNED81ASA,"Australia,New Zealand",217.425,LCD (LED),132,484,Available,7,217
166074,JVC,LT-70NQ7155A,Australia,176.539,LCD,141.1,550,Available,4.5,177
166064,AIWA,AWS580G,Australia,146.088,LCD,82.5,331,Available,5.5,146
166063,LG,86QNED80A6A,"Australia,New Zealand",217.425,LCD (LED),132,484,Available,7,217
166062,LG,75QNED86ASA,"Australia,New Zealand",189.275,LCD (LED),106,389,Available,7,189
166061,LG,75QNED81ASA,"Australia,New Zealand",189.275,LCD (LED),106,389,Available,7,189
166060,LG,75QNED80A6A,"Australia,New Zealand",189.275,LCD (LED),106,389,Available,7,189
166059,LG,75NANO80ASA,"Australia,New Zealand",189.275,LCD (LED),165,605,Available,5,189
166058,LG,75NANO80A6A,"Australia,New Zealand",189.275,LCD (LED),165,605,Available,5,189
166057,LG,65QNED81ASA,"Australia,New Zealand",163.897,LCD (LED),98,360,Available,6,164
166056,LG,65QNED80A6A,"Australia,New Zealand",163.897,LCD (LED),98,360,Available,6,164
166055,LG,65NANO80ASA,"Australia,New Zealand",163.897,LCD (LED),118,433,Available,5,164
166054,LG,65NANO80A6A,"Australia,New Zealand",163.897,LCD (LED),118,433,Available,5,164
166046,PHILIPS,77OLED720/79,"Australia,New Zealand",198.546,OLED,188.5,798,Available,4,199
166021,AOA,LTW50UHD,"Australia,Fiji,New Zealand",125.731,LCD (LED),73.4,270,Available,5,126
165961,LG,65QNED86ASA,"Australia,New Zealand",163.897,LCD (LED),105,386,Available,5.5,164
165960,LG,65QNED86A6A,"Australia,New Zealand",163.897,LCD (LED),105,386,Available,5.5,164
165959,LG,55QNED86ASA,"Australia,New Zealand",138.783,LCD (LED),82,302,Available,5.5,139
165958,LG,55QNED86A6A,"Australia,New Zealand",138.783,LCD (LED),82,302,Available,5.5,139
165909,LG,OLED77G56LA,"Australia,New Zealand",194.738,OLED,153,561,Available,5.5,195
165908,LG,OLED77G5PSA,"Australia,New Zealand",194.738,OLED,153,561,Available,5.5,195
165907,LG,OLED42C54LA,"Australia,New Zealand",105.52,OLED,65,240,Available,4,106
165906,LG,OLED42C5PSA,"Australia,New Zealand",105.52,OLED,65,240,Available,4,106
165875,PHILIPS,32PHT6529/79,"Australia,New Zealand",80.039,LCD (LED),35.8,145,Available,4.5,80
165872,EKO,K42FST,"Australia,Fiji,New Zealand",105.422,LCD (LED),55,204,Available,5,105
165831,PHILIPS,40PFT6529/79,"Australia,New Zealand",100.332,LCD (LED),41.6,167,Available,5.5,100
165816,QBELL,QTF40T,"Australia,Fiji,New Zealand",100.337,LCD (LED),51.3,189,Available,5,100
165800,LG,OLED65B56LA,"Australia,New Zealand",163.897,OLED,106,389,Available,5.5,164
165799,LG,OLED65B5PSA,"Australia,New Zealand",163.897,OLED,106,389,Available,5.5,164
165798,LG,OLED55B56LA,"Australia,New Zealand",138.783,OLED,88,324,Available,5,139
165797,LG,OLED55B5PSA,"Australia,New Zealand",138.783,OLED,88,324,Available,5,139
165796,LG,OLED48C56LA,"Australia,New Zealand",120.721,OLED,76,280,Available,4.5,121
165795,LG,OLED48C5PSA,"Australia,New Zealand",120.721,OLED,76,280,Available,4.5,121
165794,LG,50QNED81ASA,"Australia,New Zealand",125.727,LCD (LED),68,251,Available,5.5,126
165793,LG,50QNED80A6A,"Australia,New Zealand",125.727,LCD (LED),68,251,Available,5.5,126
165789,QBELL,QTU50T,"Australia,Fiji,New Zealand",125.731,LCD (LED),76.8,284,Available,5,126
165788,EKO,K50UST,"Australia,Fiji,New Zealand",125.731,LCD (LED),76.8,284,Available,5,126
165781,SAMSUNG,**32F6000F*,"Australia,Fiji,New Zealand",80.008,LCD (LED),36,134,Available,4.5,80
165775,SONY,K-65XR80M2,"Australia,New Zealand",163.878,OLED,102.9,381,Available,5.5,164
165774,SONY,K-55XR80M2,"Australia,New Zealand",138.798,OLED,91.6,341,Available,5,139
165767,QBELL,QTU55T,"Australia,Fiji,New Zealand",138.783,LCD,92.1,339,Available,5,139
165765,EKO,K55USTW,"Australia,Fiji,New Zealand",138.783,LCD,92.1,339,Available,5,139
165764,EKO,K65USTW,"Australia,Fiji,New Zealand",163.896,LCD,113.2,416,Available,5.5,164
165713,DGTEC,DG24HDDVD12V,Australia,59.827,LCD (LED),20.96,78,Available,5,60
165703,LINSAR,LS24HDNF-12V,"Australia,Fiji,New Zealand",59.824,LCD,17.766,68,Available,6,60
165660,CHIQ,U75M9,"Australia,Fiji,New Zealand",189.34,LCD,154.23,608,Available,5,189
165651,JVC,JV6524M,New Zealand,163.897,LCD (LED),97.7,450,Available,5,164
165650,JVC,JV5524M,New Zealand,138.783,LCD (LED),65.9,270,Available,6,139
165639,BAUHN,ATV24HDW-0225,"Australia,Fiji,New Zealand",59.824,LCD,17.766,68,Available,6,60
165638,LG,OLED83G56LA,"Australia,New Zealand",209.585,OLED,189,692,Available,5,210
165637,LG,OLED83G5PSA,"Australia,New Zealand",209.585,OLED,189,692,Available,5,210
165636,LG,OLED77C56LA,"Australia,New Zealand",194.738,OLED,163,597,Available,5,195
165635,LG,OLED77C5PSA,"Australia,New Zealand",194.738,OLED,163,597,Available,5,195
165634,LG,OLED65C56LA,"Australia,New Zealand",163.897,OLED,124,455,Available,5,164
165633,LG,OLED65C5PSA,"Australia,New Zealand",163.897,OLED,124,455,Available,5,164
165632,LG,OLED55G55LW,"Australia,New Zealand",138.783,OLED,96,353,Available,4.5,139
165631,LG,OLED55G5PSA,"Australia,New Zealand",138.783,OLED,96,353,Available,4.5,139
165630,LG,OLED55C56LA,"Australia,New Zealand",138.783,OLED,101,371,Available,4.5,139
165629,LG,OLED55C5PSA,"Australia,New Zealand",138.783,OLED,101,371,Available,4.5,139
165628,LG,86NANO80ASA,"Australia,New Zealand",217.425,LCD (LED),212,776,Available,5,217
165627,LG,86NANO80A6A,"Australia,New Zealand",217.425,LCD (LED),212,776,Available,5,217
165605,KOGAN,KAQL65R96KA,"Australia,Fiji,New Zealand",163.897,LCD (LED),92.9,400,Available,5.5,164
165604,KOGAN,KAQL55R96KA,"Australia,Fiji,New Zealand",138.783,LCD (LED),69.4,280,Available,5.5,139
165603,KOGAN,KAQL100XQ98GSV series,"Australia,Fiji,New Zealand",252.751,OLED,446.3,1670,Available,3,253
165599,KOGAN,KAOD77X98JSV series,"Australia,Fiji,New Zealand",194.677,OLED,131.1,540,Available,5.5,195
165597,KOGAN,KAQL50R96KA,"Australia,Fiji,New Zealand",125.812,LCD (LED),56.9,250,Available,5.5,126
165569,SAMSUNG ELECTRONICS,UA55TU8000,"Australia,Fiji,New Zealand",138.798,LCD (LED),102,375,Available,4.5,139
165568,SAMSUNG ELECTRONICS,UA65TU8000W,"Australia,Fiji,New Zealand",163.878,LCD (LED),116,426,Available,5,164
165566,SAMSUNG ELECTRONICS,UA50TU8000W,"Australia,Fiji,New Zealand",125.725,LCD (LED),91,335,Available,4,126
165561,SVISION,SV43FWOS,"Australia,Fiji,New Zealand",108.593,LCD (LED),43,159,Available,6,109
165499,QBELL,QTH32T,"Australia,Fiji,New Zealand",80.039,LCD (LED),35.3,131,Available,5,80
165465,AIWA,AWS320DVD,Australia,80.039,LCD (LED),33.5,125,Available,5,80
165432,EKO,K32HST,"Australia,Fiji,New Zealand",80.039,LCD (LED),31,131,Available,5,80
165430,POLAROID,PL7024WOS,"Australia,New Zealand",176.535,LCD,108.294,397,Available,6,177
165429,SONIQ,G65UV50A,"Australia,Fiji,New Zealand",163.896,LCD,92.076,340,Available,6,164
165408,AKAI,AK55324S7WOS,"Australia,Fiji,New Zealand",138.783,LCD (LED),68.12,256,Available,6,139
165405,AKAI,AK4324S7WOS,Australia,107.978,LCD,44.2,172,Available,6,108
165404,AKAI,AK3223S7WOS,Australia,80.043,LCD (LED),27.14,101,Available,6,80
165339,LINSAR,LS32HDNF-12V,Australia,80.039,LCD (LED),27.036,102,Available,6,80
165324,EKO,K700UATW,"Australia,Fiji,New Zealand",176.539,LCD,153.11,561,Available,4.5,177
165321,BLAUPUNKT,"BP24****（*=Blank, 0-9,A-Z,a-z for marketing purpose, no technical difference)","Australia,Fiji,New Zealand",60.469,LCD (LED),16.33,76,Available,5.5,60
165232,AOA,LTD19FT,"Australia,Fiji,New Zealand",47.013,LCD (LED),15.3,58,Available,5,47
165159,HYUNDAI,H65UHDMLDGTV,"Australia,Fiji,New Zealand",163.829,LCD (LED),149.6,576,Available,4,164
165152,PALSONIC,PT6515SU,Australia,163.896,LCD (LED),105.43,439,Available,5,164
165123,BAUHN,ATV70UHDW-1124,"Australia,New Zealand",176.535,LCD,108.294,397,Available,6,177
165119,SAMSUNG ELECTRONICS,BE98D-H,"Australia,Fiji,New Zealand",247.688,LCD (LED),332,1215,Available,4,248
165089,PHILIPS,65PML8969/98,"Australia,New Zealand",163.896,LCD (LED),168,645,Available,3.5,164
165072,KONIC,KUD65GS677AM,New Zealand,163.896,LCD (LED),117.3,431,Available,5,164
165071,KONIC,KUD50GS677AM,New Zealand,125.731,LCD (LED),88.8,327,Available,4,126
165051,PHILIPS,55PML8969/98,"Australia,New Zealand",138.783,LCD (LED),120,470,Available,3.5,139
165030,KOGAN,KALED75U95T*,"Australia,Fiji,New Zealand",189.34,LCD (LED),154.03,608,Available,5,189
165029,PHILIPS,50PUT7129/98,"Australia,New Zealand",125.731,LCD (LED),96,386,Available,3.5,126
165028,KOGAN,KALED65U95T*,"Australia,Fiji,New Zealand",163.896,LCD (LED),94.14,371,Available,6,164
165027,PHILIPS,55PUT7129/98,"Australia,New Zealand",138.736,LCD (LED),105,411,Available,4,139
165026,PHILIPS,24HFL4518/97,"Australia,Fiji,New Zealand",59.774,LCD (LED),16.9,69,Available,5.5,60
165022,PHILIPS,32HFL4518/97,"Australia,Fiji,New Zealand",80.054,LCD (LED),24.9,106,Available,5.5,80
165017,PHILIPS,65PUT7129/98,"Australia,New Zealand",163.896,LCD (LED),122,488,Available,4.5,164
164999,PHILIPS,85BFL2214/97,"Australia,Fiji,New Zealand",214.783,LCD (LED),114.6,463,Available,7,215
164996,JVC,LT-42NQ5155A,Australia,105.422,LCD,38.2,150,Available,6,105
164955,BLAUPUNKT,BP58WOS,"Australia,Fiji,New Zealand",146.068,LCD,112.086,433,Available,4,146
164926,KONIC,KUD55GS677AM,New Zealand,138.783,LCD (LED),93.1,342,Available,4.5,139
164909,KOGAN,**********32**********,"Australia,Fiji,New Zealand",80.029,LCD (LED),31.84,131,Available,5,80
164908,KOGAN,**********24**********,"Australia,Fiji,New Zealand",59.816,LCD (LED),23.98,95,Available,4.5,60
164907,HYUNDAI,H55UHDMLDGTV,Australia,138.798,LCD (LED),92.2,379,Available,4.5,139
164862,EKO,K70USW3,"Australia,Fiji,New Zealand",176.57,LCD (LED),182.3,850,Available,2.5,177
164845,ENGLAON,LED40X90,"Australia,New Zealand",100.332,LCD (LED),38.6,152,Available,5.5,100
164843,ENGLAON,LED32X90,"Australia,New Zealand",80.131,LCD (LED),37.1,145,Available,4.5,80
164838,ENGLAON,LED24X90,"Australia,New Zealand",59.822,LCD (LED),28.3,106,Available,4,60
164639,EKO,K55USW3,"Australia,Fiji,New Zealand",138.783,LCD (LED),102,379,Available,4.5,139
164636,BAUHN,ATV43FHDW-****,Australia,107.978,LCD,44.2,172,Available,6,108
164586,KOGAN,**********86**********,"Australia,Fiji,New Zealand",217.518,LCD (LED),298.5,1117,Available,3.5,218
164582,AIWA,AWS420W,Australia,105.415,LCD (LED),51.78,210,Available,4.5,105
164539,ALTIUS,AT32HDW2-BCF,Australia,80.043,LCD (LED),27.036,102,Available,6,80
164534,HYUNDAI,H75UHDQLDZEN,"Australia,Fiji,New Zealand",189.34,LCD (LED),130.146,477,Available,6,189
164532,HYUNDAI,H65UHDQLDZEN,"Australia,Fiji,New Zealand",165.332,LCD (LED),101.54,373,Available,6,165
164519,HYUNDAI,H55UHDQLDZEN,"Australia,Fiji,New Zealand",138.783,LCD (LED),72.83,268,Available,6,139
164513,HYUNDAI,H50UHDQLDZEN,Australia,125.731,LCD (LED),61.524,227,Available,6,126
164495,TECO,LED32IHRK,"Australia,Fiji,New Zealand",79.88,LCD (LED),35.6,140,Available,4.5,80
164364,KOGAN,KALED32F98 series,"Australia,Fiji,New Zealand",79.967,LCD (LED),37.86,152,Available,4,80
164267,KOGAN,KAQL85XQ98GS series,"Australia,Fiji,New Zealand",214.783,LCD (LED),226.38,868,Available,4.5,215
164261,BAUHN,ATV32HDW-0824,Australia,80.043,LCD (LED),27.14,101,Available,6,80
164205,SPHERE,S927,"Australia,New Zealand",68.599,LCD (LED),24.6,92,Available,5.5,69
164202,SPHERE,S924,"Australia,New Zealand",60.47,LCD (LED),19.64,74,Available,5.5,60
164195,QBELL,QT70WX8A,"Australia,Fiji,New Zealand",176.538,LCD (LED),128.9,550,Available,4.5,177
164193,QBELL,QT50WX8A,"Australia,Fiji,New Zealand",125.731,LCD (LED),94.37,400,Available,3,126
164014,KOGAN,KAQL75XQ98GSVA series,"Australia,Fiji,New Zealand",189.306,LCD (LED),159.6,643,Available,4.5,189
164013,AIWA,AWC320WZ,"Australia,Fiji,New Zealand",79.967,LCD (LED),38.6,145,Available,4.5,80
164012,AIWA,AWC240WZ,"Australia,Fiji,New Zealand",59.774,LCD (LED),26.3,105,Available,4,60
163852,JVC,JVG3B5523Q,New Zealand,138.711,LCD (LED),76.8,304,Available,5.5,139
163822,LG,98UT9######,"Australia,Fiji,New Zealand",247.695,LCD (LED),354.9,1434,Available,3.5,248
163784,EKO,K400FAT,"Australia,Fiji,New Zealand",100.332,LCD (LED),40,166,Available,5.5,100
163759,TCL,55A300W,"Australia,Fiji,New Zealand",138.711,LCD (LED),90.7,372,Available,4.5,139
163758,TCL,65A300W,"Australia,Fiji,New Zealand",163.829,LCD (LED),103.5,425,Available,5,164
163755,TCL,75A300W,"Australia,Fiji,New Zealand",189.306,LCD (LED),115.4,500,Available,5.5,189
163739,TCL,85A300W,"Australia,Fiji,New Zealand",214.783,LCD (LED),143.6,600,Available,6,215
163736,LG,65UM662H4LC,"Australia,New Zealand",163.897,LCD (LED),56,207,Available,8,164
163735,LG,55UM662H4LC,"Australia,New Zealand",138.783,LCD (LED),49,181,Available,7,139
163734,LG,50UM662H4LC,"Australia,New Zealand",125.727,LCD (LED),40,149,Available,7,126
163703,LG,43UM662H4LC,"Australia,New Zealand",107.987,LCD (LED),36,134,Available,7,108
163671,JVC,"19"" smart",Australia,47.013,LCD,19.4,73,Available,4,47
163622,TOSHIBA,43V35NP,"Australia,New Zealand",107.954,LCD (LED),33.62,137,Available,7,108
163621,TOSHIBA,32V35NP,"Australia,New Zealand",80.039,LCD (LED),24.17,97,Available,6,80
163618,HISENSE,70A6N Series,"Australia,New Zealand",176.537,LCD (LED),103.99,430,Available,6,177
163530,EKO,K65USW3,"Australia,Fiji,New Zealand",165.366,LCD,120,465,Available,5,165
163518,BLAUPUNKT,BP550USG9800,"Australia,Fiji,New Zealand",138.783,LCD,88.8,340,Available,5,139
163516,BAUHN,ATV55UHDW-****,"Australia,Fiji,New Zealand",138.783,LCD (LED),69.65,256,Available,6,139
163494,EKO,K550UGT2,"Australia,Fiji,New Zealand",138.783,LCD,88.8,340,Available,5,139
163478,KOGAN,**********70**********,"Australia,Fiji,New Zealand",176.538,LCD (LED),138.82,538,Available,5,177
163413,KOGAN,KAQL65XQ98GST*,"Australia,Fiji,New Zealand",163.896,LCD (LED),144.5,579,Available,4,164
163030,AIWA,AWS500G,Australia,125.731,OLED,64.6,276,Available,5,126
163000,AOA,LTW32HD,"Australia,Fiji,New Zealand",80.039,LCD,31.92,119,Available,5,80
162999,AOA,LTW40FHD,"Australia,Fiji,New Zealand",100.336,LCD,47.23,176,Available,5,100
162968,EKO,K700UGT2,"Australia,Fiji,New Zealand",176.538,LCD,142.1,530,Available,5,177
162967,EKO,K75USWW,"Australia,Fiji,New Zealand",189.34,LCD,162.1,600,Available,5,189
162964,EKO,K750UGT2,"Australia,Fiji,New Zealand",189.34,LCD,163.1,610,Available,5,189
162926,EKO,K70USW3,"Australia,Fiji,New Zealand",176.538,LCD,143.1,530,Available,5,177
162908,LG,86UT811C0LA,"Australia,New Zealand",217.425,LCD (LED),212,776,Available,5,217
162907,LG,86UT801C0SB,"Australia,New Zealand",217.425,LCD (LED),212,776,Available,5,217
162906,LG,75UT811C0LA,"Australia,New Zealand",189.275,LCD (LED),165,605,Available,5,189
162904,LG,75UT801C0SB,"Australia,New Zealand",189.275,LCD (LED),165,605,Available,5,189
162903,LG,65UT801C0SB,"Australia,New Zealand",163.897,LCD (LED),120,441,Available,5,164
162901,LG,65UT801C0LA,"Australia,New Zealand",163.897,LCD (LED),120,441,Available,5,164
162899,LG,55UT801C0SB,"Australia,New Zealand",138.783,LCD (LED),97,357,Available,4.5,139
162898,LG,55UT801C0LA,"Australia,New Zealand",138.783,LCD (LED),97,357,Available,4.5,139
162896,LG,50UT801C0SB,"Australia,New Zealand",125.727,LCD (LED),83,305,Available,4.5,126
162891,LG,50UT801C0LA,"Australia,New Zealand",125.727,LCD (LED),83,305,Available,4.5,126
162889,LG,43UT801C0SB,"Australia,New Zealand",107.987,LCD (LED),70,258,Available,4,108
162888,LG,43UT801C0LA,"Australia,New Zealand",107.987,LCD (LED),73,269,Available,4,108
162834,KOGAN,**********100**********,"Australia,Fiji,New Zealand",253.136,LCD (LED),379.07,1497,Available,3.5,253
162831,KOGAN,**********85**********,"Australia,Fiji,New Zealand",215.329,LCD (LED),280.55,1090,Available,3.5,215
162825,AIWA,AWS700W,Australia,176.563,LCD (LED),140.89,576,Available,4.5,177
162778,SAMSUNG ELECTRONICS,UA85DUE800W,"Australia,Fiji,New Zealand",214.783,LCD (LED),195,715,Available,5,215
162776,SAMSUNG ELECTRONICS,UA75DUE800W,"Australia,Fiji,New Zealand",189.338,LCD (LED),163,598,Available,5,189
162775,SAMSUNG ELECTRONICS,UA65DUE800*,"Australia,Fiji,New Zealand",163.897,LCD (LED),122,448,Available,5,164
162773,SAMSUNG ELECTRONICS,UA55DUE800*,"Australia,Fiji,New Zealand",138.783,LCD (LED),97,357,Available,4.5,139
162772,PANASONIC,TV-75W95AGZ,New Zealand,189.321,LCD (LED),109.77,446,Available,6,189
162770,SAMSUNG ELECTRONICS,UA50DUE800*,"Australia,Fiji,New Zealand",125.727,LCD (LED),83,306,Available,4.5,126
162769,SAMSUNG ELECTRONICS,UA43DUE800*,"Australia,Fiji,New Zealand",107.987,LCD (LED),71,262,Available,4,108
162760,PANASONIC,TV-65W95AGZ,New Zealand,163.897,LCD (LED),93.25,380,Available,5.5,164
162755,PANASONIC,TV-55W95AGZ,New Zealand,138.783,LCD (LED),72.6,296,Available,5.5,139
162752,EKO,K55USW3,"Australia,Fiji,New Zealand",138.783,LCD,87.3,323,Available,5,139
162737,BLAUPUNKT,BP320HSG9700,"Australia,Fiji,New Zealand",80.039,LCD (LED),24.687,130,Available,5,80
162697,LINSAR,LS60UHDNF23,"Australia,Fiji,New Zealand",152.663,LCD,81.288,299,Available,6,153
162688,BROOKLYN,BM32WOSDVD,"Australia,Fiji,New Zealand",80.039,LCD (LED),33.5,125,Available,5,80
162667,HISENSE,65UXAU,Australia,163.896,LCD (LED),137.97,569,Available,4,164
162656,HISENSE,75U8NAU,Australia,189.34,LCD (LED),177.17,720,Available,4,189
162655,HISENSE,65U8N Series,Australia,163.896,LCD (LED),151.8,639,Available,3.5,164
162654,HISENSE,85U8NAU,Australia,214.783,LCD (LED),262.49,1079,Available,3.5,215
162653,EKO,K320HGT,"Australia,Fiji,New Zealand",80.039,LCD,29.6,130,Available,5,80
162652,HISENSE,40A4N,"Australia,New Zealand",100.332,LCD (LED),29.07,121,Available,7,100
162651,HISENSE,32A4N,"Australia,New Zealand",80.04,LCD (LED),22.8,93,Available,6,80
162640,AIWA,AWS400W,Australia,100.332,LCD (LED),48.76,198,Available,4.5,100
162553,KOGAN,KAQL55XQ98GST*,"Australia,Fiji,New Zealand",138.783,LCD (LED),92.8,378,Available,4.5,139
162547,EKO,K50USW3,"Australia,Fiji,New Zealand",125.731,LCD (LED),86,317,Available,4.5,126
162501,KONKA,KDL32GA683AN,New Zealand,80.039,LCD (LED),29.55,125,Available,5,80
162499,KONKA,KDL40GA683AN,New Zealand,100.332,LCD (LED),36.91,151,Available,6,100
162498,KONKA,KUD50XG684AN,New Zealand,125.731,LCD (LED),60.564,236,Available,5.5,126
162496,KONKA,KUD55XG684AN,New Zealand,138.783,LCD (LED),82.11,319,Available,5,139
162494,KONKA,KUD65XG684AN,New Zealand,163.896,LCD (LED),114.354,442,Available,5,164
162485,BAUHN,ATV75UHDW-0924,"Australia,Fiji,New Zealand",189.34,LCD,133.54,490,Available,6,189
162484,LINSAR,LS24HDNF-12V,"Australia,Fiji,New Zealand",59.774,LCD,15.1,66,Available,6,60
162457,LG,75UT80506LA,"Australia,New Zealand",189.275,LCD (LED),165,605,Available,5,189
162445,LOEWE,BILD S.77,Australia,194.738,OLED,220,833,Available,3.5,195
162443,CHIQ,U98F8TG PRO,"Australia,Fiji,New Zealand",247.691,LCD (LED),299.4,1233,Available,4,248
162441,JVC,LT-55N7115A11E,Australia,138.711,LCD (LED),60.9,247,Available,6,139
162374,EKO,K55USTW,"Australia,Fiji,New Zealand",138.783,LCD,115.9,426,Available,4,139
162368,EKO,K65USTW,"Australia,Fiji,New Zealand",163.896,LCD,126.1,463,Available,5,164
162367,KOGAN,KAOD65X98JST*,"Australia,Fiji,New Zealand",163.897,OLED,112.7,459,Available,5,164
162239,KOGAN,KALED42T96Q*,"Australia,Fiji,New Zealand",105.055,LCD (LED),54.39,205,Available,5,105
162237,KOGAN,75T96 series,"Australia,Fiji,New Zealand",189.34,LCD (LED),180,680,Available,4.5,189
162235,KOGAN,KAQL65T96QC,"Australia,Fiji,New Zealand",163.896,LCD (LED),147.44,580,Available,4,164
162234,KOGAN,KAQL50T96QC,"Australia,Fiji,New Zealand",125.731,LCD (LED),99.42,395,Available,3.5,126
162231,KOGAN,KALED32T96Q*,"Australia,Fiji,New Zealand",80.147,LCD (LED),35.2,145,Available,4.5,80
162230,KOGAN,KAQL55T96QC,"Australia,Fiji,New Zealand",138.783,LCD (LED),115,425,Available,4,139
162209,BLAUPUNKT,BP85WOS2,"Australia,Fiji,New Zealand",214.696,LCD (LED),197.27,722,Available,5,215
162206,SVISION,SVU50WOS,"Australia,Fiji,New Zealand",125.731,LCD,85.767,315,Available,4.5,126
162190,KOGAN,KALED55U94V Series,"Australia,Fiji,New Zealand",138.711,LCD (LED),73.6,375,Available,4.5,139
162156,BLAUPUNKT,BP850WOSQ,"Australia,Fiji,New Zealand",214.783,LCD,257.2,980,Available,3.5,215
162085,BAUHN,ATV70UHDW-0624,Australia,176.555,LCD (LED),109.038,400,Available,6,177
162083,HISENSE,100Q7NAU,Australia,252.784,LCD (LED),252.1,999,Available,5,253
162082,TOSHIBA,100Z670NP,"Australia,New Zealand",252.784,LCD (LED),264.81,1070,Available,5,253
162081,TOSHIBA,85Z870NP,"Australia,New Zealand",214.783,LCD (LED),236.68,969,Available,4,215
162080,TOSHIBA,75Z870NP,"Australia,New Zealand",189.34,LCD (LED),169.46,683,Available,4.5,189
162079,TOSHIBA,65Z870NP,"Australia,New Zealand",163.896,LCD (LED),157.4,639,Available,3.5,164
162078,TOSHIBA,55Z870NP,"Australia,New Zealand",138.783,LCD (LED),106.46,426,Available,4,139
162059,TCL,85C745 Pro,"Australia,Fiji,New Zealand",214.783,LCD (LED),160.8,750,Available,5,215
162012,SYLVOX,KT16K0KOGA,"Australia,Fiji,New Zealand",39.487,LCD (LED),14.7,56,Available,4.5,39
161867,KOGAN,KAOD55X98JST*,"Australia,Fiji,New Zealand",138.783,OLED,88.3,378,Available,4.5,139
161849,AIWA,AWC320G,Australia,80.054,LCD (LED),28.6,116,Available,5.5,80
161820,KOGAN,KALED19PRIZE,"Australia,Fiji,New Zealand",47.013,LCD,15.8718,62,Available,5,47
161804,SAMSUNG ELECTRONICS,QA75LST7DA*,"Australia,Fiji,New Zealand",189.338,LCD (LED),322,1178,Available,2,189
161802,SAMSUNG ELECTRONICS,QA65LST7DA*,"Australia,Fiji,New Zealand",163.897,LCD (LED),260,952,Available,1.5,164
161772,HISENSE,85Q6N series,"Australia,New Zealand",214.783,LCD (LED),172.13,696,Available,5.5,215
161771,HISENSE,75Q6N series,"Australia,New Zealand",189.34,LCD (LED),120.56,489,Available,6,189
161770,HISENSE,65Q6N series,"Australia,New Zealand",163.896,LCD (LED),90.42,369,Available,6,164
161769,HISENSE,55Q6N series,"Australia,New Zealand",138.783,LCD (LED),59.97,239,Available,6,139
161768,HISENSE,50Q6N series,"Australia,New Zealand",125.731,LCD (LED),55.49,227,Available,6,126
161767,HISENSE,43Q6N series,"Australia,New Zealand",107.95,LCD (LED),55.02,229,Available,4.5,108
161764,HISENSE,85U6N series,"Australia,New Zealand",214.783,LCD (LED),189.93,780,Available,5,215
161763,HISENSE,75U6N series,"Australia,New Zealand",189.34,LCD (LED),133.76,547,Available,5.5,189
161762,HISENSE,65U6N series,"Australia,New Zealand",163.896,LCD (LED),99.95,416,Available,5.5,164
161761,HISENSE,55U6N series,"Australia,New Zealand",138.783,LCD (LED),79.98,339,Available,5,139
161755,BLAUPUNKT,BP100WOSQ,"Australia,Fiji,New Zealand",247.695,LCD (LED),350,1284,Available,4,248
161688,SVISION,SV43FWOS,"Australia,Fiji,New Zealand",107.953,LCD,40.1,165,Available,6,108
161603,KOGAN,KAOD48X98JST*,"Australia,Fiji,New Zealand",120.719,OLED,80.3,331,Available,4,121
161547,TELEFUNKEN,TL55QGG,"Australia,Fiji,New Zealand",138.783,LCD (LED),103,379,Available,4.5,139
161493,LG,32LN660HBSD,"Australia,New Zealand",80.043,LCD (LED),24,90,Available,6,80
161449,EKO,K550UGT2,"Australia,Fiji,New Zealand",138.783,LCD,75.18,277,Available,5.5,139
161347,PANASONIC,TV-77Z93AGZ,New Zealand,194.712,OLED,170,625,Available,5,195
161342,PANASONIC,TV-65Z95AGZ,New Zealand,163.853,OLED,146,538,Available,4,164
161338,PANASONIC,TV-55Z95AGZ,New Zealand,138.818,OLED,122,450,Available,3.5,139
161335,PANASONIC,TV-65Z85AGZ,New Zealand,163.853,OLED,140,515,Available,4.5,164
161333,PANASONIC,TV-55Z85AGZ,New Zealand,138.818,OLED,103,380,Available,4.5,139
161318,PANASONIC,TV-48Z85AGZ,New Zealand,120.703,OLED,84,311,Available,4,121
161317,PANASONIC,TV-42Z85AGZ,New Zealand,105.52,OLED,73,271,Available,3.5,106
161254,BLAUPUNKT,BP32WOSDVD,"Australia,Fiji,New Zealand",80.039,LCD (LED),33.5,125,Available,5,80
161247,KOGAN,KAQL75MQ9T*,"Australia,Fiji,New Zealand",189.306,LCD (LED),145.4,609,Available,5,189
161213,TELEFUNKEN,TL320GQ,"Australia,Fiji,New Zealand",80.131,LCD (LED),32.5,131,Available,5,80
161192,SAMSUNG ELECTRONICS,QA55LST7DA*,"Australia,Fiji,New Zealand",138.783,LCD (LED),206,755,Available,1,139
161150,BLAUPUNKT,BP400FSG9800,"Australia,Fiji,New Zealand",100.332,LCD (LED),41,173,Available,5,100
161139,BLAUPUNKT,BP550USG9800,"Australia,Fiji,New Zealand",138.783,LCD,75.18,277,Available,5.5,139
161124,BLAUPUNKT,BP430FSG9800,"Australia,Fiji,New Zealand",107.825,LCD (LED),50.67,208,Available,5,108
161103,AIWA,AWS500W,Australia,125.731,LCD (LED),57.2,211,Available,6,126
161085,BLAUPUNKT,BP650USG9900,"Australia,Fiji,New Zealand",165.633,LCD (LED),120,483,Available,4.5,166
161084,BLAUPUNKT,BP500USG9800,"Australia,Fiji,New Zealand",125.731,LCD (LED),91,370,Available,3.5,126
161060,EKO,K430FGT,"Australia,Fiji,New Zealand",107.825,LCD (LED),50.67,208,Available,5,108
161047,TELEFUNKEN,TL24HSWDTA,"Australia,Fiji,New Zealand",60.47,LCD,28.7,107,Available,4,60
161017,BLAUPUNKT,BP650USG9800,"Australia,Fiji,New Zealand",163.896,LCD (LED),108.132,422,Available,5,164
160985,HISENSE,85U7N series,"Australia,New Zealand",214.783,LCD (LED),204.59,829,Available,4.5,215
160979,AIWA,AWC240G,Australia,59.774,LCD (LED),19.8,82,Available,5,60
160933,EKO,K70USW3,"Australia,Fiji,New Zealand",176.538,LCD (LED),128.9,550,Available,4.5,177
160920,BLAUPUNKT,BP750USG9800,"Australia,Fiji,New Zealand",189.34,LCD (LED),158,648,Available,4.5,189
160854,CHIQ,L32G7KPG,"Australia,Fiji,New Zealand",80.043,LCD (LED),23.3,116,Available,5.5,80
160850,TCL,115X955 Max,"Australia,Fiji,New Zealand",290.719,LCD (LED),600,2652,Available,2,291
160834,CHIQ,U70M9Q,"Australia,Fiji,New Zealand",176.539,LCD (LED),123.6,481,Available,5.5,177
160817,SYLVOX,RT40G3KOFA,"Australia,New Zealand",100.353,LCD,24.48,92,Available,8,100
160808,HUBBL,LT065A-04-FXTL,Australia,163.897,LCD (LED),64.71,240,Available,7,164
160788,EKO,K650UGT2,"Australia,Fiji,New Zealand",163.896,LCD (LED),108.132,422,Available,5,164
160785,JVC,LT-65N7115A11E,Australia,163.829,LCD (LED),104.2,415,Available,5.5,164
160729,JVC,JV100A5D,New Zealand,252.79,LCD (LED),295.9,1190,Available,4.5,253
160645,JVC,LT-40N5155A,Australia,100.332,LCD (LED),48.76,198,Available,4.5,100
160621,SYLVOX,KT16A0KOGA,"Australia,Fiji,New Zealand",39.487,LCD (LED),15.1,58,Available,4.5,39
160618,EKO,K70USW3,"Australia,Fiji,New Zealand",176.538,LCD (LED),161,667,Available,4,177
160616,TECO,LED70AUSRC,"Australia,Fiji,New Zealand",176.537,LCD (LED),135.9,532,Available,5,177
160557,TOSHIBA,85C350NP,"Australia,New Zealand",214.783,LCD (LED),150.59,599,Available,6,215
160546,TOSHIBA,75C350NP,"Australia,New Zealand",189.34,LCD (LED),95.06,389,Available,7,189
160545,TOSHIBA,65C350NP,"Australia,New Zealand",163.829,LCD (LED),89.74,369,Available,6,164
160544,TOSHIBA,55C350NP,"Australia,New Zealand",138.783,LCD (LED),63.7,269,Available,6,139
160543,TOSHIBA,50C350NP,"Australia,New Zealand",125.731,LCD (LED),61.1,254,Available,5.5,126
160542,TOSHIBA,43C350NP,"Australia,New Zealand",107.954,LCD (LED),59.91,242,Available,4.5,108
160504,JVC,LT-32ND35AS,Australia,80.039,LCD (LED),36.9,145,Available,4.5,80
160490,KOGAN,KAQL65MQ9T*,"Australia,Fiji,New Zealand",165.513,LCD (LED),136.1,532,Available,4.5,166
160391,KOGAN,KALED43R95T*,"Australia,Fiji,New Zealand",107.863,LCD (LED),52.9,214,Available,5,108
160387,KOGAN,KALED40R95T*,"Australia,Fiji,New Zealand",100.305,LCD (LED),36.5,148,Available,6,100
160385,SAMSUNG ELECTRONICS,QA50LS01DAS,"Australia,Fiji,New Zealand",125.727,LCD (LED),93,343,Available,4,126
160381,KOGAN,KALED32R95T*,"Australia,Fiji,New Zealand",79.967,LCD (LED),22.9,104,Available,6,80
160336,KOGAN,KALED55R95T*,"Australia,Fiji,New Zealand",138.711,LCD (LED),70.8,302,Available,5.5,139
160335,KOGAN,KALED75R95T*,"Australia,Fiji,New Zealand",189.306,LCD (LED),109.4,488,Available,6,189
160334,KOGAN,KALED65R95T*,"Australia,Fiji,New Zealand",163.829,LCD (LED),94.2,371,Available,6,164
160333,KOGAN,KALED50R95T*,"Australia,Fiji,New Zealand",125.725,LCD (LED),66.8,284,Available,5,126
160319,LG,32LT340CBTB,"Australia,New Zealand",80.043,LCD (LED),25.5,95,Available,6,80
160314,SYLVOX,RT27R2KECA,"Australia,New Zealand",68.642,LCD,15.3,59,Available,7,69
160282,TECO,LED32AHSRC,"Australia,Fiji,New Zealand",80.054,LCD (LED),26.3,105,Available,6,80
160274,SAMSUNG ELECTRONICS,QA65LS01DA*,"Australia,Fiji,New Zealand",163.897,LCD (LED),126,463,Available,5,164
160267,SAMSUNG ELECTRONICS,QA55LS01DA*,"Australia,Fiji,New Zealand",138.783,LCD (LED),89,328,Available,5,139
160266,SAMSUNG ELECTRONICS,QA43LS01DA*,"Australia,Fiji,New Zealand",107.987,LCD (LED),79,291,Available,3.5,108
160257,TECO,LED24AHSRC,"Australia,Fiji,New Zealand",59.774,LCD (LED),16.2,67,Available,6,60
160194,SAMSUNG ELECTRONICS,BE85D-H,"Australia,Fiji,New Zealand",214.783,LCD (LED),143,525,Available,6,215
160180,BLAUPUNKT,BP70WOS3,"Australia,Fiji,New Zealand",176.538,LCD (LED),128.9,550,Available,4.5,177
160179,BLAUPUNKT,BP50WOS3,"Australia,Fiji,New Zealand",125.731,LCD (LED),94.37,400,Available,3,126
160155,SAMSUNG ELECTRONICS,BE75D-H,"Australia,Fiji,New Zealand",189.338,LCD (LED),137,503,Available,5.5,189
160154,SAMSUNG ELECTRONICS,BE65D-H,"Australia,Fiji,New Zealand",163.897,LCD (LED),114,419,Available,5,164
160153,SAMSUNG ELECTRONICS,BE55D-H,"Australia,Fiji,New Zealand",138.783,LCD (LED),79,291,Available,5.5,139
160152,SAMSUNG ELECTRONICS,BE50D-H,"Australia,Fiji,New Zealand",125.727,LCD (LED),71,262,Available,5,126
160151,SAMSUNG ELECTRONICS,BE43D-H,"Australia,Fiji,New Zealand",107.987,LCD (LED),68,251,Available,4,108
160148,CHIQ,U65G7PG,"Australia,Fiji,New Zealand",163.829,LCD (LED),90.1,404,Available,5.5,164
160117,THOMSON,STVLED43FHD-W,"Australia,Fiji,New Zealand",107.95,LCD (LED),49.14,194,Available,5.5,108
160114,JVC,LT-50N7145AE,Australia,125.638,LCD (LED),47.5,210,Available,6,126
160109,AIWA,AWS650W,Australia,163.896,LCD (LED),115.94,468,Available,4.5,164
160104,KOGAN,KAQL50W94QF,"Australia,Fiji,New Zealand",125.731,LCD (LED),101.23,398,Available,3.5,126
160103,KOGAN,KAQL75W94QF,"Australia,Fiji,New Zealand",189.34,LCD (LED),187.1,690,Available,4,189
160102,KOGAN,KAQL65W94QF,"Australia,Fiji,New Zealand",163.881,LCD (LED),150.64,560,Available,4,164
160101,KOGAN,KAQL55W94QF,"Australia,Fiji,New Zealand",138.783,LCD (LED),111.7,427,Available,4,139
160051,BAUHN,ATV60UHDW-0824,Australia,152.663,LCD,81.288,299,Available,6,153
160040,BLAUPUNKT,BP650USG9800,"Australia,Fiji,New Zealand",163.132,LCD,94.65,358,Available,6,163
160039,BLAUPUNKT,BP24WOSDVD,"Australia,Fiji,New Zealand",60.47,LCD,28.7,107,Available,4,60
160037,BLAUPUNKT,BP2400HDV7100,Australia,60.47,LCD,25.3,94,Available,4.5,60
160009,YOKOHAMA,YTV240Z,Australia,59.774,LCD (LED),20.24,76,Available,5.5,60
159967,LG,75UT90506LB,"Australia,New Zealand",189.275,LCD (LED),126,462,Available,6,189
159966,LG,65UT90506LB,"Australia,New Zealand",163.897,LCD (LED),114,419,Available,5,164
159965,LG,55UT90506LB,"Australia,New Zealand",138.783,LCD (LED),91,335,Available,5,139
159964,LG,50UT90506LB,"Australia,New Zealand",125.727,LCD (LED),68,251,Available,5.5,126
159963,LG,43UT90506LB,"Australia,New Zealand",107.987,LCD (LED),67,247,Available,4,108
159962,LG,43UR761H0TA,"Australia,New Zealand",107.987,LCD (LED),67,247,Available,4,108
159961,TCL,98C655,"Australia,Fiji,New Zealand",247.604,LCD (LED),226,909,Available,5.5,248
159933,SONY,K-77XR80,"Australia,New Zealand",194.726,OLED,152.2,562,Available,5.5,195
159921,TCL,98C755,"Australia,Fiji,New Zealand",247.604,LCD (LED),197.4,890,Available,5.5,248
159920,TCL,85C755,"Australia,Fiji,New Zealand",214.783,LCD (LED),148.2,660,Available,5.5,215
159919,TCL,75C755,"Australia,Fiji,New Zealand",189.306,LCD (LED),134.6,550,Available,5,189
159918,TCL,65C755,"Australia,Fiji,New Zealand",163.829,LCD (LED),105.7,440,Available,5,164
159916,TCL,55C755,"Australia,Fiji,New Zealand",138.711,LCD (LED),89.1,381,Available,4.5,139
159914,TCL,50C755,"Australia,Fiji,New Zealand",125.638,LCD (LED),91.4,390,Available,3.5,126
159906,LG,OLED97M46LA,"Australia,New Zealand",245.145,OLED,244,893,Available,5.5,245
159905,LG,OLED97M4PSA,"Australia,New Zealand",245.145,OLED,244,893,Available,5.5,245
159904,LG,OLED97G4PSA,"Australia,New Zealand",245.145,OLED,219,802,Available,6,245
159903,LG,OLED83M46LA,"Australia,New Zealand",209.585,OLED,242,886,Available,4,210
159902,LG,OLED77M46LA,"Australia,New Zealand",194.738,OLED,220,806,Available,4,195
159901,LG,OLED65M46LA,"Australia,New Zealand",163.896,OLED,172,630,Available,3.5,164
159898,SONY,K-65XR80,"Australia,New Zealand",163.878,OLED,117.9,437,Available,5,164
159896,SONY,K-55XR80,"Australia,New Zealand",138.798,OLED,100,372,Available,4.5,139
159864,SAMSUNG ELECTRONICS,QA83S90DAE,"Australia,Fiji,New Zealand",209.585,LCD (LED),217,795,Available,4.5,210
159858,SAMSUNG ELECTRONICS,QA77S90DAE,"Australia,Fiji,New Zealand",194.738,LCD (LED),175,642,Available,5,195
159857,LG,98QNED#####,"Australia,Fiji,New Zealand",247.695,LCD (LED),245.5,999,Available,5,248
159853,FFALCON,FF75U64,"Australia,Fiji,New Zealand",189.306,LCD (LED),111.2,460,Available,6,189
159851,FFALCON,FF65U64,"Australia,Fiji,New Zealand",163.829,LCD (LED),77.6,350,Available,6,164
159850,FFALCON,FF55U64,"Australia,Fiji,New Zealand",138.711,LCD (LED),58.4,240,Available,6,139
159849,FFALCON,FF50U64,"Australia,Fiji,New Zealand",125.638,LCD (LED),49.2,200,Available,6,126
159848,FFALCON,FF43U64,"Australia,Fiji,New Zealand",107.95,LCD (LED),41.8,170,Available,6,108
159846,TCL,98C855,"Australia,Fiji,New Zealand",247.604,LCD (LED),191.2,853,Available,5.5,248
159833,TCL,85C855,"Australia,Fiji,New Zealand",214.783,LCD (LED),212.4,940,Available,4,215
159832,TCL,75C855,"Australia,Fiji,New Zealand",189.306,LCD (LED),208.1,925,Available,3,189
159830,TCL,65C855,"Australia,Fiji,New Zealand",163.829,LCD (LED),176.1,716,Available,3,164
159829,TCL,85C655,"Australia,Fiji,New Zealand",214.783,LCD (LED),191,840,Available,4.5,215
159828,TCL,75C655,"Australia,Fiji,New Zealand",189.306,LCD (LED),122,515,Available,5.5,189
159827,TCL,65C655,"Australia,Fiji,New Zealand",163.829,LCD (LED),106.6,440,Available,5,164
159820,TCL,55C655,"Australia,Fiji,New Zealand",138.711,LCD (LED),86.9,367,Available,4.5,139
159811,TCL,50C655,"Australia,Fiji,New Zealand",125.638,LCD (LED),58.4,300,Available,4.5,126
159804,LINSAR,LS40FHDNF23,"Australia,Fiji,New Zealand",100.332,LCD (LED),38.946,144,Available,6,100
159792,TCL,43C655,"Australia,Fiji,New Zealand",107.95,LCD (LED),58.2,240,Available,4.5,108
159790,EKO,K650UGT2,"Australia,Fiji,New Zealand",163.896,LCD (LED),132.27,511,Available,4.5,164
159778,KOGAN,KAQL43XQ98GSVC,"Australia,Fiji,New Zealand",107.95,LCD (LED),87.66,338,Available,3,108
159751,EKO,K500UGT,"Australia,Fiji,New Zealand",125.725,LCD,96.56,376,Available,3.5,126
159742,SAMSUNG ELECTRONICS,UA98DU9000*,"Australia,Fiji,New Zealand",247.688,LCD (LED),332,1215,Available,4,248
159741,KOGAN,KAQL70W94QF,"Australia,Fiji,New Zealand",176.538,LCD (LED),142.43,538,Available,5,177
159710,AIWA,AWS650G,Australia,163.829,LCD,90.1,404,Available,5.5,164
159706,AIWA,AWS400G,Australia,100.305,LCD,46.8,189,Available,5,100
159666,TECO,LED43AUSRC,"Australia,Fiji,New Zealand",107.95,LCD (LED),52.9,214,Available,5,108
159665,TECO,LED58AUSRC,"Australia,Fiji,New Zealand",146.039,LCD (LED),86.5,349,Available,5,146
159584,KOGAN,KAQL75XQ98GST*,"Australia,Fiji,New Zealand",189.306,LCD (LED),172.1,681,Available,4.5,189
159579,KOGAN,KAQL85XQ98GST*,"Australia,Fiji,New Zealand",214.783,LCD (LED),250.7,974,Available,4,215
159538,LG,OLED97G46LA,"Australia,New Zealand",245.145,OLED,219,802,Available,6,245
159537,LG,55LX1TPSA,"Australia,New Zealand",138.783,OLED,100,368,Available,4.5,139
159535,LG,55LX1T6LA,"Australia,New Zealand",138.783,OLED,100,368,Available,4.5,139
159529,EKO,K700UGT2,"Australia,Fiji,New Zealand",176.539,LCD,161.454,592,Available,4.5,177
159526,EKO,K750UGT2,"Australia,Fiji,New Zealand",189.306,LCD,204.81,811,Available,3.5,189
159510,SAMSUNG ELECTRONICS,QA48S90DAE,"Australia,Fiji,New Zealand",120.712,LCD (LED),80,295,Available,4.5,121
159494,BLAUPUNKT,BP3200HDV8100,"Australia,Fiji,New Zealand",80.039,LCD (LED),35.8,133,Available,4.5,80
159490,KOGAN,*32*,"Australia,Fiji,New Zealand",80.039,LCD,35.2,131,Available,5,80
159420,EKO,K650UGT,"Australia,New Zealand",163.896,LCD (LED),143.934,554,Available,4,164
159406,CHIQ,U85F8TG,"Australia,Fiji,New Zealand",214.783,LCD (LED),248.9,974,Available,4,215
159389,S VISION,SVU550WOS,"Australia,Fiji,New Zealand",140.219,LCD (LED),103.3,379,Available,4.5,140
159338,KOGAN,*24*,"Australia,Fiji,New Zealand",59.824,LCD,22.1,83,Available,5,60
159333,SAMSUNG ELECTRONICS,QA50QE1DAS,"Australia,Fiji,New Zealand",125.727,LCD (LED),73,270,Available,5,126
159326,KOGAN,*24*,"Australia,Fiji,New Zealand",59.824,LCD,25.3,94,Available,4.5,60
159321,SAMSUNG ELECTRONICS,UA75DU8*00*,"Australia,Fiji,New Zealand",189.338,LCD (LED),163,598,Available,5,189
159318,SONY,K-75XR90,"Australia,New Zealand",189.306,LCD (LED),238.4,878,Available,3,189
159315,SONY,K-85XR90,"Australia,New Zealand",214.783,LCD (LED),272.5,1002,Available,3.5,215
159305,EKO,K42FSW3,"Australia,Fiji,New Zealand",105.422,LCD,53.12,205,Available,5,105
159290,SAMSUNG ELECTRONICS,QA85QN900D*,"Australia,Fiji,New Zealand",214.783,LCD (LED),338,1237,Available,2.5,215
159289,SONY,K-85S30,"Australia,New Zealand",214.783,LCD (LED),229.8,845,Available,4.5,215
159288,SAMSUNG ELECTRONICS,QA65QN87DA*,"Australia,Fiji,New Zealand",163.897,LCD (LED),130,478,Available,4.5,164
159287,SONY,K-75S30,"Australia,New Zealand",189.306,LCD (LED),179.2,660,Available,4.5,189
159286,SAMSUNG ELECTRONICS,QA55QN80DA*,"Australia,Fiji,New Zealand",138.783,LCD (LED),109,401,Available,4,139
159275,KOGAN,KAQL85W94QA,"Australia,Fiji,New Zealand",214.783,LCD (LED),292.93,1090,Available,3.5,215
159237,BAUHN,ATV50UHDW-0424,"Australia,Fiji,New Zealand",127.259,LCD (LED),57.06,210,Available,6,127
159235,HISENSE,55U7N series,"Australia,New Zealand",138.783,LCD (LED),91.26,381,Available,4.5,139
159234,HISENSE,65U7N series,"Australia,New Zealand",163.829,LCD (LED),110.54,464,Available,5,164
159233,HISENSE,75U7N series,"Australia,New Zealand",189.34,LCD (LED),156.29,659,Available,4.5,189
159232,SAMSUNG ELECTRONICS,UA75DU7*00*,"Australia,Fiji,New Zealand",189.338,LCD (LED),137,503,Available,5.5,189
159231,SAMSUNG ELECTRONICS,UA85DU7*00*,"Australia,Fiji,New Zealand",214.783,LCD (LED),143,525,Available,6,215
159230,SAMSUNG ELECTRONICS,UA65DU7*00*,"Australia,Fiji,New Zealand",163.897,LCD (LED),114,419,Available,5,164
159229,SAMSUNG ELECTRONICS,QA85QE1DAS,"Australia,Fiji,New Zealand",214.783,LCD (LED),172,631,Available,5.5,215
159228,SAMSUNG ELECTRONICS,QA75QE1DA*,"Australia,Fiji,New Zealand",189.338,LCD (LED),124,456,Available,6,189
159188,Q.BELL,QT50WX8A,"Australia,Fiji,New Zealand",125.743,LCD (LED),83.3,317,Available,4.5,126
159179,AIWA,AW240DVD,Australia,59.824,LCD,24.2,91,Available,4.5,60
159173,TECO,LED65AUSRC,"Australia,Fiji,New Zealand",163.829,LCD (LED),94,404,Available,5.5,164
159165,DYNALINK,S 8866,"Australia,Fiji,New Zealand",59.823,LCD,19.8,76,Available,5.5,60
159164,SAMSUNG ELECTRONICS,QA85QN85DB*,"Australia,Fiji,New Zealand",214.783,LCD (LED),215,788,Available,4.5,215
159160,SAMSUNG ELECTRONICS,QA75QN85DB*,"Australia,Fiji,New Zealand",189.338,LCD (LED),178,653,Available,4.5,189
159153,SONY,K-55S30,"Australia,New Zealand",138.798,LCD (LED),119,440,Available,3.5,139
159152,SONY,K-65S30,"Australia,New Zealand",163.878,LCD (LED),140,517,Available,4.5,164
159148,BAUHN,ATV32HDW-0624,"Australia,Fiji,New Zealand",80.043,LCD (LED),27.2,101,Available,6,80
159131,SAMSUNG ELECTRONICS,QA75QN87DA*,"Australia,Fiji,New Zealand",189.338,LCD (LED),144,529,Available,5.5,189
159127,SAMSUNG ELECTRONICS,QA85QN87DA*,"Australia,Fiji,New Zealand",214.783,LCD (LED),192,704,Available,5,215
159113,LG,OLED83C46LA,"Australia,New Zealand",209.585,OLED,193,707,Available,5,210
159112,LG,OLED83C4PSA,"Australia,New Zealand",209.585,OLED,193,707,Available,5,210
159111,LG,86QNED81TSA,"Australia,New Zealand",217.427,LCD (LED),154,565,Available,6,217
159109,LG,86QNED80T6A,"Australia,New Zealand",217.427,LCD (LED),154,565,Available,6,217
159106,LG,86NANO81TSA,"Australia,New Zealand",217.427,LCD (LED),250,915,Available,4,217
159102,LG,75NANO81TSA,"Australia,New Zealand",189.275,LCD (LED),181,663,Available,4.5,189
159098,LG,65NANO81TSA,"Australia,New Zealand",163.897,LCD (LED),144,528,Available,4,164
159095,LG,55NANO81TSA,"Australia,New Zealand",138.783,LCD (LED),112,411,Available,4,139
159093,LG,50NANO81TSA,"Australia,New Zealand",125.727,LCD (LED),90,331,Available,4,126
159090,LG,43NANO81TSA,"Australia,New Zealand",107.987,LCD (LED),70,258,Available,4,108
159076,SAMSUNG ELECTRONICS,QA85LS03DA*,"Australia,Fiji,New Zealand",214.783,LCD (LED),220,806,Available,4.5,215
159075,SAMSUNG ELECTRONICS,QA65QN900D*,"Australia,Fiji,New Zealand",163.897,LCD (LED),260,952,Available,1.5,164
159059,SAMSUNG ELECTRONICS,UA50DU7*00*,"Australia,Fiji,New Zealand",125.727,LCD (LED),71,262,Available,5,126
159056,SAMSUNG ELECTRONICS,UA43DU7*00*,"Australia,Fiji,New Zealand",107.987,LCD (LED),68,251,Available,4,108
159054,SAMSUNG ELECTRONICS,QA75LS03DA*,"Australia,Fiji,New Zealand",189.338,LCD (LED),190,697,Available,4,189
159052,SAMSUNG ELECTRONICS,QA65LS03DA*,"Australia,Fiji,New Zealand",163.897,LCD (LED),154,565,Available,4,164
159051,SAMSUNG ELECTRONICS,QA55LS03DA*,"Australia,Fiji,New Zealand",138.783,LCD (LED),119,437,Available,3.5,139
159044,SAMSUNG ELECTRONICS,QA50LS03DA*,"Australia,Fiji,New Zealand",125.727,LCD (LED),93,343,Available,4,126
159037,SAMSUNG ELECTRONICS,UA55DU7*00*,"Australia,Fiji,New Zealand",138.783,LCD (LED),79,291,Available,5.5,139
159036,SAMSUNG ELECTRONICS,QA55QN87DA*,"Australia,Fiji,New Zealand",138.783,LCD (LED),109,401,Available,4,139
159034,SAMSUNG ELECTRONICS,QA55QN85DB*,"Australia,Fiji,New Zealand",138.783,LCD (LED),112,412,Available,4,139
159010,SAMSUNG ELECTRONICS,QA75QN900D*,"Australia,Fiji,New Zealand",189.338,LCD (LED),286,1047,Available,2.5,189
159007,SAMSUNG ELECTRONICS,QA43LS03DA*,"Australia,Fiji,New Zealand",107.987,LCD (LED),92,339,Available,3,108
159006,SAMSUNG ELECTRONICS,QA65QE1DAW,"Australia,Fiji,New Zealand",163.897,LCD (LED),103,379,Available,5.5,164
159005,SAMSUNG ELECTRONICS,QA55QE1DAS,"Australia,Fiji,New Zealand",138.783,LCD (LED),78,288,Available,5.5,139
158986,SAMSUNG ELECTRONICS,QA75Q70DA*,"Australia,Fiji,New Zealand",189.338,LCD (LED),157,576,Available,5,189
158985,SAMSUNG ELECTRONICS,QA65Q70DA*,"Australia,Fiji,New Zealand",163.897,LCD (LED),142,521,Available,4,164
158984,SAMSUNG ELECTRONICS,QA55Q70DA*,"Australia,Fiji,New Zealand",138.783,LCD (LED),108,397,Available,4,139
158980,SAMSUNG ELECTRONICS,QA55S95DA*,"Australia,Fiji,New Zealand",138.783,LCD (LED),110,405,Available,4,139
158976,SAMSUNG ELECTRONICS,QA65S95DA*,"Australia,Fiji,New Zealand",163.897,LCD (LED),153,562,Available,4,164
158975,SAMSUNG ELECTRONICS,QA65S90DA*,"Australia,Fiji,New Zealand",163.897,LCD (LED),146,536,Available,4,164
158974,SAMSUNG ELECTRONICS,QA50Q80DA*,"Australia,Fiji,New Zealand",125.727,LCD (LED),82,302,Available,4.5,126
158973,SAMSUNG ELECTRONICS,QA65Q80DA*,"Australia,Fiji,New Zealand",163.897,LCD (LED),147,540,Available,4,164
158972,SAMSUNG ELECTRONICS,QA85Q80DA*,"Australia,Fiji,New Zealand",214.783,LCD (LED),258,945,Available,4,215
158971,SAMSUNG ELECTRONICS,QA75Q80DA*,"Australia,Fiji,New Zealand",189.338,LCD (LED),198,726,Available,4,189
158949,LG,75QNED91T6A,"Australia,New Zealand",189.275,LCD (LED),150,550,Available,5,189
158944,LG,75QNED86T6A,"Australia,New Zealand",189.275,LCD (LED),134,492,Available,5.5,189
158943,LG,OLED83G46LA,"Australia,New Zealand",209.584,OLED,217,795,Available,4.5,210
158942,LG,OLED77C46LA,"Australia,New Zealand",194.737,OLED,154,565,Available,5.5,195
158941,LG,OLED77B46LA,"Australia,New Zealand",194.737,OLED,143,524,Available,5.5,195
158940,TCL,85X925 PRO,"Australia,Fiji,New Zealand",214.783,LCD (LED),408.9,1645,Available,1.5,215
158939,LG,OLED65C46LA,"Australia,New Zealand",163.896,OLED,122,448,Available,5,164
158938,LG,86QNED91T6A,"Australia,New Zealand",217.427,LCD (LED),206,754,Available,5,217
158937,LG,86QNED86TSA,"Australia,New Zealand",217.427,LCD (LED),156,572,Available,6,217
158936,LG,86QNED86T6A,"Australia,New Zealand",217.427,LCD (LED),156,572,Available,6,217
158935,LG,65QNED91T6A,"Australia,New Zealand",163.896,LCD (LED),125,459,Available,5,164
158934,LG,65QNED86T6A,"Australia,New Zealand",163.896,LCD (LED),118,433,Available,5,164
158932,LG,50QNED86T6A,"Australia,New Zealand",125.727,LCD (LED),80,295,Available,4.5,126
158915,Q.BELL,QT32WY8A,"Australia,Fiji,New Zealand",80.039,LCD (LED),34.8,131,Available,5,80
158914,EKO,K32HSW2,"Australia,Fiji,New Zealand",80.039,LCD (LED),34.8,131,Available,5,80
158870,AKAI,AK7523S7WOS,"Australia,Fiji,New Zealand",189.344,LCD (LED),117.61,474,Available,6,189
158866,LG,OLED83G4PSA,"Australia,New Zealand",209.585,OLED,217,795,Available,4.5,210
158865,LG,OLED77C4PSA,"Australia,New Zealand",194.738,OLED,154,565,Available,5.5,195
158864,LG,OLED77B4PSA,"Australia,New Zealand",194.738,OLED,143,524,Available,5.5,195
158863,LG,OLED65C4PSA,"Australia,New Zealand",163.897,OLED,122,448,Available,5,164
158862,LG,OLED55B46LA,"Australia,New Zealand",138.783,OLED,92,338,Available,5,139
158861,LG,OLED55B4PSA,"Australia,New Zealand",138.783,OLED,92,338,Available,5,139
158860,LG,OLED48B46LA,"Australia,New Zealand",120.721,OLED,78,287,Available,4.5,121
158859,LG,86QNED91TSA,"Australia,New Zealand",217.425,LCD (LED),206,754,Available,5,217
158858,LG,75QNED91TSA,"Australia,New Zealand",189.275,LCD (LED),150,550,Available,5,189
158857,LG,75QNED86TSA,"Australia,New Zealand",189.275,LCD (LED),134,492,Available,5.5,189
158856,LG,65QNED91TSA,"Australia,New Zealand",163.897,LCD (LED),125,459,Available,5,164
158855,LG,65QNED86TSA,"Australia,New Zealand",163.897,LCD (LED),118,433,Available,5,164
158854,LG,50QNED86TSA,"Australia,New Zealand",125.727,LCD (LED),80,295,Available,4.5,126
158853,LG,86UT81006LA,"Australia,New Zealand",217.425,LCD (LED),212,776,Available,5,217
158852,LG,86UT80506LA,"Australia,New Zealand",217.425,LCD (LED),212,776,Available,5,217
158851,LG,86UT8050PSB,"Australia,New Zealand",217.425,LCD (LED),212,776,Available,5,217
158849,LG,75UT81006LA,"Australia,New Zealand",189.275,LCD (LED),165,605,Available,5,189
158848,LG,75UT8050PSB,"Australia,New Zealand",189.275,LCD (LED),165,605,Available,5,189
158847,LG,65UT81006LA,"Australia,New Zealand",163.897,LCD (LED),120,441,Available,5,164
158846,LG,65UT80506LA,"Australia,New Zealand",163.897,LCD (LED),120,441,Available,5,164
158845,LG,65UT8050PSB,"Australia,New Zealand",163.897,LCD (LED),120,441,Available,5,164
158844,LG,55UT81006LA,"Australia,New Zealand",138.783,LCD (LED),97,357,Available,4.5,139
158843,LG,55UT80506LA,"Australia,New Zealand",138.783,LCD (LED),97,357,Available,4.5,139
158842,LG,55UT8050PSB,"Australia,New Zealand",138.783,LCD (LED),97,357,Available,4.5,139
158841,LG,50UT81006LA,"Australia,New Zealand",125.727,LCD (LED),83,305,Available,4.5,126
158840,LG,50UT80506LA,"Australia,New Zealand",125.727,LCD (LED),83,305,Available,4.5,126
158839,LG,50UT8050PSB,"Australia,New Zealand",125.727,LCD (LED),83,305,Available,4.5,126
158838,LG,43UT81006LA,"Australia,New Zealand",107.987,LCD (LED),73,269,Available,4,108
158837,LG,43UT80506LA,"Australia,New Zealand",107.987,LCD (LED),73,269,Available,4,108
158836,LG,43UT8050PSB,"Australia,New Zealand",107.987,LCD (LED),70,258,Available,4,108
158767,KOGAN,KALED43F98VC,"Australia,Fiji,New Zealand",107.947,LCD (LED),39.24,229,Available,4.5,108
158750,KOGAN,KALED50U94V*,"Australia,Fiji,New Zealand",125.731,LCD (LED),47.3,210,Available,6,126
158746,SAMSUNG ELECTRONICS,QA77S95DA*,"Australia,Fiji,New Zealand",195.177,LCD (LED),216,791,Available,4,195
158744,SAMSUNG ELECTRONICS,QA85Q70DA*,"Australia,Fiji,New Zealand",214.783,LCD (LED),200,733,Available,5,215
158743,SAMSUNG ELECTRONICS,QA55Q80DA*,"Australia,Fiji,New Zealand",138.783,LCD (LED),108,397,Available,4,139
158742,SAMSUNG ELECTRONICS,UA85DU8000*,"Australia,Fiji,New Zealand",214.783,LCD (LED),195,715,Available,5,215
158741,SAMSUNG ELECTRONICS,QA85QN800D*,"Australia,Fiji,New Zealand",214.783,LCD (LED),294,1076,Available,3.5,215
158724,SONY,K-85XR70,"Australia,New Zealand",214.783,LCD (LED),227.9,838,Available,4.5,215
158722,SONY,K-75XR70,"Australia,New Zealand",189.306,LCD (LED),200.3,737,Available,4,189
158602,SAMSUNG ELECTRONICS,QA50QN90DA*,"Australia,Fiji,New Zealand",125.727,LCD (LED),81,299,Available,4.5,126
158544,JVC,LT-43N5135AE,Australia,107.947,LCD (LED),39.24,229,Available,4.5,108
158538,JVC,LT-32N3115A11E,Australia,79.994,LCD (LED),28.86,130,Available,5,80
158508,SONY,K-43S30,"Australia,New Zealand",107.95,LCD (LED),63.2,236,Available,4.5,108
158506,HISENSE,100U7K series,"Australia,New Zealand",252.784,LCD (LED),241.58,955,Available,5.5,253
158484,LOEWE,BILD i77,"Australia,New Zealand",194.139,OLED,107.8,395,Available,7,194
158476,SAMSUNG ELECTRONICS,QA65QN80DA*,"Australia,Fiji,New Zealand",163.897,LCD (LED),134,492,Available,4.5,164
158428,VDT,LEW22BA43,"Australia,Fiji,New Zealand",54.687,LCD (LED),20.64,78,Available,4.5,55
158422,SAMSUNG ELECTRONICS,QA65QN85DB*,"Australia,Fiji,New Zealand",163.897,LCD (LED),134,492,Available,4.5,164
158421,SAMSUNG ELECTRONICS,QA55S90DA*,"Australia,Fiji,New Zealand",138.783,LCD (LED),112,412,Available,4,139
158416,SAMSUNG ELECTRONICS,QA98QN90DA*,"Australia,Fiji,New Zealand",247.697,LCD (LED),256,937,Available,5,248
158415,SAMSUNG ELECTRONICS,UA65DU8*00*,"Australia,Fiji,New Zealand",163.897,LCD (LED),122,448,Available,5,164
158395,KOGAN,KALED24R98T*,"Australia,Fiji,New Zealand",59.774,LCD (LED),16.2,67,Available,6,60
158394,KOGAN,KALED42F98T*,"Australia,Fiji,New Zealand",105.38,LCD (LED),39.8,163,Available,6,105
158337,LG,55QNED80T6A,"Australia,New Zealand",138.783,LCD (LED),87,320,Available,5,139
158336,LG,50QNED80T6A,"Australia,New Zealand",125.727,LCD (LED),68,251,Available,5.5,126
158330,SONY,K-65XR70,"Australia,New Zealand",163.878,LCD (LED),171.9,634,Available,3.5,164
158329,SONY,K-55XR70,"Australia,New Zealand",138.798,LCD (LED),148,547,Available,2.5,139
158314,BAUHN,ATV75UHDW-0324,"Australia,Fiji,New Zealand",189.344,LCD (LED),117.61,474,Available,6,189
158312,JVC,JVG518623Q,New Zealand,217.24,LCD (LED),212,815,Available,4.5,217
158256,AKAI,AK3223S7WOS,"Australia,Fiji,New Zealand",80.043,LCD,23.8,89,Available,6,80
158252,LINSAR,LS32HDNF23,"Australia,Fiji,New Zealand",80.043,LCD,23.8,89,Available,6,80
158250,SAMSUNG ELECTRONICS,QA43QN90DA*,"Australia,Fiji,New Zealand",107.987,LCD (LED),63,233,Available,4.5,108
158245,JVC,LT-40N7145A,Australia,101.51,LCD (LED),64.06,259,Available,3.5,102
158242,SYLVOX,BT32A***GB,"Australia,Fiji,New Zealand",80.131,LCD (LED),27,101,Available,6,80
158237,KOGAN,KAQL55XQ98GSVA,"Australia,Fiji,New Zealand",138.721,LCD (LED),127.86,475,Available,3.5,139
158236,KOGAN,KAQL50XQ98GSVA,"Australia,Fiji,New Zealand",125.665,LCD (LED),104.46,396,Available,3.5,126
158222,SAMSUNG ELECTRONICS,QA65QN90DA*,"Australia,Fiji,New Zealand",169.152,LCD (LED),138,507,Available,4.5,169
158220,SAMSUNG ELECTRONICS,QA55QN90DA*,"Australia,Fiji,New Zealand",138.783,LCD (LED),114,419,Available,4,139
158218,EKO,K500UAT,"Australia,Fiji,New Zealand",125.731,LCD (LED),91.8,381,Available,3.5,126
158216,SAMSUNG ELECTRONICS,UA55DU8*00*,"Australia,Fiji,New Zealand",138.783,LCD (LED),97,357,Available,4.5,139
158215,SAMSUNG ELECTRONICS,UA50DU8*00*,"Australia,Fiji,New Zealand",125.736,LCD (LED),83,306,Available,4.5,126
158204,LG,OLED77G46LA,"Australia,New Zealand",194.738,OLED,195,714,Available,4.5,195
158203,LG,OLED77G4PSA,"Australia,New Zealand",194.738,OLED,195,714,Available,4.5,195
158202,LG,OLED65G46LA,"Australia,New Zealand",163.897,OLED,147,539,Available,4,164
158201,LG,OLED65G4PSA,"Australia,New Zealand",163.897,OLED,147,539,Available,4,164
158200,LG,OLED65B46LA,"Australia,New Zealand",163.897,OLED,109,400,Available,5.5,164
158199,LG,OLED65B4PSA,"Australia,New Zealand",163.897,OLED,109,400,Available,5.5,164
158198,LG,OLED55G46LA,"Australia,New Zealand",138.783,OLED,115,422,Available,4,139
158197,LG,OLED55G4PSA,"Australia,New Zealand",138.783,OLED,115,422,Available,4,139
158196,LG,OLED55C46LA,"Australia,New Zealand",138.783,OLED,100,368,Available,4.5,139
158195,LG,OLED55C4PSA,"Australia,New Zealand",138.783,OLED,100,368,Available,4.5,139
158194,LG,OLED48C46LA,"Australia,New Zealand",120.721,OLED,79,291,Available,4.5,121
158193,LG,OLED48C4PSA,"Australia,New Zealand",120.721,OLED,79,291,Available,4.5,121
158192,LG,OLED42C44LA,"Australia,New Zealand",105.52,OLED,70,258,Available,4,106
158190,LG,OLED42C4PSA,"Australia,New Zealand",105.52,OLED,70,258,Available,4,106
158189,LG,75QNED81TSA,"Australia,New Zealand",189.275,LCD (LED),126,462,Available,6,189
158188,LG,75QNED80T6A,"Australia,New Zealand",189.275,LCD (LED),126,462,Available,6,189
158186,LG,65QNED81TSA,"Australia,New Zealand",163.897,LCD (LED),109,400,Available,5.5,164
158185,LG,65QNED80T6A,"Australia,New Zealand",163.897,LCD (LED),109,400,Available,5.5,164
158184,LG,55QNED86TSA,"Australia,New Zealand",138.783,LCD (LED),94,346,Available,4.5,139
158183,LG,55QNED86T6A,"Australia,New Zealand",138.783,LCD (LED),94,346,Available,4.5,139
158182,LG,55QNED81TSA,"Australia,New Zealand",138.783,LCD (LED),92,338,Available,5,139
158180,LG,50QNED81TSA,"Australia,New Zealand",125.727,LCD (LED),72,265,Available,5,126
158177,LG,43QNED81TSA,"Australia,New Zealand",107.987,LCD (LED),67,247,Available,4,108
158176,LG,43QNED80T6A,"Australia,New Zealand",107.987,LCD (LED),67,247,Available,4,108
158165,SAMSUNG ELECTRONICS,QA85QN90DA*,"Australia,Fiji,New Zealand",214.783,LCD (LED),211,773,Available,5,215
158163,SAMSUNG ELECTRONICS,QA75QN800D*,"Australia,Fiji,New Zealand",189.338,LCD (LED),269,985,Available,2.5,189
158162,SAMSUNG ELECTRONICS,QA65QN800D*,"Australia,Fiji,New Zealand",163.897,LCD (LED),262,959,Available,1.5,164
158147,KOGAN,KAQL98XQ98GST*,"Australia,Fiji,New Zealand",247.691,LCD (LED),297.5,1233,Available,4,248
158143,SYLVOX,BT24A***GB,"Australia,Fiji,New Zealand",60.47,LCD (LED),17.14,65,Available,6,60
158097,EKO,K420FAT,"Australia,Fiji,New Zealand",105.421,LCD (LED),53.38,240,Available,4,105
158085,SAMSUNG ELECTRONICS,UA43DU8*00*,"Australia,Fiji,New Zealand",107.987,LCD (LED),71,262,Available,4,108
158082,KOGAN,KAQL50W94QA,"Australia,Fiji,New Zealand",125.731,LCD (LED),101.23,398,Available,3.5,126
158063,KOGAN,KAL24DH5300QA,"Australia,Fiji,New Zealand",60.47,LCD (LED),25.23,96,Available,4.5,60
158053,BAUHN,ATV24HDW-0224,"Australia,Fiji,New Zealand",59.774,LCD,15.1,66,Available,6,60
157994,SAMSUNG ELECTRONICS,QA75QN90DA*,"Australia,Fiji,New Zealand",189.338,LCD (LED),157,576,Available,5,189
157993,SAMSUNG ELECTRONICS,QA85Q6*DA*,"Australia,Fiji,New Zealand",214.783,LCD (LED),142,521,Available,6,215
157991,SAMSUNG ELECTRONICS,QA75Q6*DA*,"Australia,Fiji,New Zealand",189.338,LCD (LED),112,412,Available,6,189
157989,SAMSUNG ELECTRONICS,QA65Q6*DA*,"Australia,Fiji,New Zealand",163.897,LCD (LED),86,317,Available,6,164
157987,SAMSUNG ELECTRONICS,QA55Q6*DA*,"Australia,Fiji,New Zealand",138.783,LCD (LED),74,273,Available,6,139
157986,SAMSUNG ELECTRONICS,QA50Q6*DAS,"Australia,Fiji,New Zealand",125.727,LCD (LED),66,244,Available,5.5,126
157984,SAMSUNG ELECTRONICS,QA43Q6*DAS,"Australia,Fiji,New Zealand",107.987,LCD (LED),64,237,Available,4.5,108
157967,KOGAN,KAQL55W94QA,"Australia,Fiji,New Zealand",138.783,LCD (LED),111.7,427,Available,4,139
157965,JVC,LT-50NQ7145AN,Australia,125.725,LCD,110.72,407,Available,3,126
157958,SONY,K-50S30,"Australia,New Zealand",125.725,LCD (LED),83.3,310,Available,4.5,126
157956,JVC,LT-43N5135AN,Australia,107.999,LCD,53.26,196,Available,5,108
157859,BAUHN,ATV55UHDW-0124,"Australia,Fiji,New Zealand",138.783,LCD (LED),73.991,272,Available,6,139
157838,JVC,LT-55NQ7145AN,Australia,138.798,LCD,97.36,358,Available,4.5,139
157792,VEON,VN43ID7023,New Zealand,108.037,LCD (LED),57.65,212,Available,5,108
157789,KOGAN,KAQL65W94QA,"Australia,Fiji,New Zealand",163.896,LCD (LED),150.64,560,Available,4,164
157788,KOGAN,KAQL75W94QA,"Australia,Fiji,New Zealand",189.34,LCD (LED),187.1,690,Available,4,189
157776,JVC,AV-H323115A11N,Australia,80.103,LCD,29.22,108,Available,5.5,80
157773,JVC,AV-H437115A11N,Australia,107.95,LCD,57.474,212,Available,5,108
157772,BLAUPUNKT,BP400FSG9800,"Australia,Fiji,New Zealand",100.332,LCD (LED),46.5216,183,Available,5,100
157771,EKO,K400FGT,"Australia,Fiji,New Zealand",100.332,LCD (LED),46.5216,183,Available,5,100
157758,BAUHN,ATV40UHDW-****,"Australia,Fiji,New Zealand",101.549,LCD (LED),51.2,189,Available,5,102
157757,LINSAR,LS70UHDNF23,"Australia,Fiji,New Zealand",176.537,LCD (LED),99.18,364,Available,6,177
157756,LINSAR,LS65UHDNF23,"Australia,Fiji,New Zealand",164.961,LCD (LED),95.92,352,Available,6,165
157755,LINSAR,LS60UHDNF23,"Australia,Fiji,New Zealand",152.663,LCD,85.97,316,Available,6,153
157754,LINSAR,LS55UHDNF23,"Australia,Fiji,New Zealand",138.783,LCD (LED),69.65,256,Available,6,139
157752,BLAUPUNKT,BP320HSG9800,"Australia,Fiji,New Zealand",80.039,LCD (LED),31.626,125,Available,5,80
157749,EKO,K320HGT,"Australia,Fiji,New Zealand",80.039,LCD (LED),31.626,125,Available,5,80
157736,JVC,LT-40N5115A11E,Australia,100.36,LCD (LED),54.48,210,Available,4.5,100
157732,LINSAR,LS50UHDNF23,"Australia,Fiji,New Zealand",127.259,LCD (LED),57.06,210,Available,6,127
157699,KOGAN,KAQL65XQ98GST*,"Australia,Fiji,New Zealand",163.829,LCD (LED),195.5,809,Available,2.5,164
157684,KONKA,KDG40RT680AN2,New Zealand,100.332,LCD (LED),32.247,126,Available,6,100
157676,KOGAN,KALED32R98VC,"Australia,Fiji,New Zealand",79.994,LCD (LED),28.86,145,Available,4.5,80
157597,JVC,LT-70N7145A,Australia,176.563,LCD (LED),116.74,470,Available,5.5,177
157590,BLAUPUNKT,BP700USG9700,"Australia,Fiji,New Zealand",176.539,LCD,153.11,561,Available,4.5,177
157581,EKO,K75USW2,"Australia,Fiji,New Zealand",189.34,LCD (LED),186.3,682,Available,4.5,189
157567,BLAUPUNKT,BP75WOS,"Australia,Fiji,New Zealand",189.34,LCD (LED),186.3,682,Available,4.5,189
157544,ENGLAON,27in Smart TV,"Australia,New Zealand",68.568,LCD (LED),42.76,158,Available,3,69
157472,KOGAN,KALED40F98VC,"Australia,Fiji,New Zealand",100.36,LCD (LED),54.48,210,Available,4.5,100
157446,SAMSUNG ELECTRONICS,HG75CU700AW,"Australia,Fiji,New Zealand",189.338,LCD (LED),143,525,Available,5.5,189
157322,LINSAR,LS65UHDZEN,"Australia,Fiji,New Zealand",163.853,LCD,85.2,320,Available,6,164
157297,SAMSUNG ELECTRONICS,HG65CU700AW,"Australia,Fiji,New Zealand",163.897,LCD (LED),126,463,Available,5,164
157291,SAMSUNG ELECTRONICS,HG43CU700AW,"Australia,Fiji,New Zealand",107.987,LCD (LED),70,259,Available,4,108
157250,BLAUPUNKT,BP750USG9700,"Australia,Fiji,New Zealand",189.34,LCD (LED),160.5,656,Available,4.5,189
157231,LINSAR,LS70UHDNF,Australia,176.592,LCD (LED),107.4,395,Available,6,177
157180,JVC,LT-32N3115A11N,Australia,80.103,LCD,29.22,108,Available,5.5,80
157177,SAMSUNG ELECTRONICS,HG55CU700AW,"Australia,Fiji,New Zealand",138.783,LCD (LED),81,299,Available,5.5,139
157176,SAMSUNG ELECTRONICS,HG50CU700AW,"Australia,Fiji,New Zealand",125.727,LCD (LED),80,295,Available,4.5,126
157122,KOGAN,KAQL75W94QA,"Australia,Fiji,New Zealand",189.34,LCD (LED),159.15,772,Available,3.5,189
157121,KOGAN,KAQL65W94QA,"Australia,Fiji,New Zealand",163.896,LCD (LED),134.93,543,Available,4,164
157120,KOGAN,KAQL55W94QA,"Australia,Fiji,New Zealand",138.783,LCD (LED),109.19,468,Available,3.5,139
157119,KOGAN,KAQL50W94QA,"Australia,Fiji,New Zealand",125.731,LCD (LED),94.01,415,Available,3,126
157113,EKO,K320HATTA,"Australia,Fiji,New Zealand",80.039,LCD (LED),24.687,130,Available,5,80
157109,BLAUPUNKT,BP500USG9700,"Australia,Fiji,New Zealand",125.731,LCD (LED),97.68,460,Available,2.5,126
157108,EKO,K50USW3,"Australia,Fiji,New Zealand",125.731,LCD (LED),94.37,400,Available,3,126
157105,BLAUPUNKT,BP420FSG9700,"Australia,Fiji,New Zealand",105.422,LCD (LED),53.38,240,Available,4,105
157104,EKO,K42FSW3,"Australia,Fiji,New Zealand",105.422,LCD (LED),55.82,230,Available,4,105
157100,KOGAN,KAL24DH5300QA,"Australia,Fiji,New Zealand",60.47,LCD (LED),25.83,110,Available,3.5,60
156888,PRISM+,Q75U,Australia,189.344,LCD (LED),165.8,670,Available,4.5,189
156876,EKO,K65USW3,"Australia,Fiji,New Zealand",163.896,LCD,111.438,407,Available,5.5,164
156874,EKO,K55USW3,"Australia,Fiji,New Zealand",138.783,LCD,82.242,301,Available,5.5,139
156858,LG,65UM662H0LC,"Australia,New Zealand",163.897,LCD (LED),56,207,Available,8,164
156857,LG,55UM662H0LC,"Australia,New Zealand",138.783,LCD (LED),49,181,Available,7,139
156856,LG,50UM662H0LC,"Australia,New Zealand",125.727,LCD (LED),40,149,Available,7,126
156855,LG,43UM662H0LC,"Australia,New Zealand",107.987,LCD (LED),36,134,Available,7,108
156819,KONKA,KUD65WT703AN,New Zealand,163.896,LCD (LED),119.01,459,Available,5,164
156806,SYLVOX,OT75A2KEGC,"Australia,Fiji,New Zealand",189.34,LCD (LED),306.7,1122,Available,2,189
156804,EKO,K55USWQ2,"Australia,Fiji,New Zealand",138.783,LCD,102.7,378,Available,4.5,139
156803,EKO,K650UGT,"Australia,Fiji,New Zealand",163.896,LCD (LED),139.758,520,Available,4.5,164
156801,BLAUPUNKT,BP650USG9800,"Australia,Fiji,New Zealand",163.896,LCD (LED),139.758,520,Available,4.5,164
156714,KOGAN,KALED50R94****,"Australia,Fiji,New Zealand",125.812,LCD (LED),66.4,285,Available,5,126
156712,KOGAN,KALED55R94****,"Australia,Fiji,New Zealand",138.439,LCD (LED),68.9,295,Available,5.5,138
156711,JVC,LT-55NQ7145A,Australia,138.798,LCD,126.52,464,Available,3.5,139
156703,KOGAN,KALED32R94KC,"Australia,Fiji,New Zealand",80.043,LCD (LED),31.8,130,Available,5,80
156684,KOGAN,KALED40R94KC,"Australia,Fiji,New Zealand",100.333,LCD (LED),40.7,158,Available,5.5,100
156661,JVC,LT-50NQ7145A,Australia,125.725,LCD,112.52,413,Available,3,126
156641,PHILIPS,75HFL5214U/97,"Australia,Fiji,New Zealand",189.306,LCD (LED),99.7,450,Available,6,189
156634,BLAUPUNKT,BP750USG9800,"Australia,Fiji,New Zealand",188.424,LCD,221.6,811,Available,3.5,188
156536,BLAUPUNKT,BP550USG9800,"Australia,Fiji,New Zealand",138.798,LCD,94.96,349,Available,4.5,139
156535,EKO,K550UGT2,"Australia,Fiji,New Zealand",138.798,LCD,94.96,349,Available,4.5,139
156534,EKO,K550UATW,"Australia,Fiji,New Zealand",138.798,LCD,110.12,404,Available,4,139
156532,EKO,K650UATW,"Australia,Fiji,New Zealand",163.878,LCD,147.21,540,Available,4,164
156521,AKAI,AK3223S7WOS,"Australia,Fiji,New Zealand",80.054,LCD,23.5,90,Available,6,80
156520,SAMSUNG ELECTRONICS,UA85CU7*00S,"Australia,Fiji,New Zealand",214.783,LCD (LED),145,532,Available,6,215
156443,PANASONIC,TN-85W80AGZ,New Zealand,217.086,LCD (LED),119.346,481,Available,7,217
156442,PANASONIC,TN-75W70AGZ,New Zealand,189.306,LCD (LED),102.546,413,Available,6,189
156441,PANASONIC,TN-65W70AGZ,New Zealand,163.867,LCD (LED),75.576,305,Available,6,164
156438,PANASONIC,TN-55W70AGZ,New Zealand,138.798,LCD (LED),62.358,252,Available,6,139
156436,PANASONIC,TN-50W70AGZ,New Zealand,125.676,LCD (LED),54.39,220,Available,6,126
156435,PANASONIC,TN-43W70AGZ,New Zealand,108.124,LCD (LED),42.804,173,Available,6,108
156434,PANASONIC,TH-75NX800Z,New Zealand,189.306,LCD (LED),98.826,398,Available,6,189
156428,PANASONIC,TH-65NX800Z,New Zealand,163.867,LCD,113.136,456,Available,5,164
156427,PANASONIC,TH-55NX800Z,New Zealand,138.798,LCD (LED),83.91,338,Available,5,139
156395,PANASONIC,TH-43NX800Z,New Zealand,108.124,LCD (LED),51.888,210,Available,5,108
156394,JVC,AV-J987145A,Australia,249.606,LCD (LED),237.4,872,Available,5.5,250
156367,TCL,98C845,"Australia,Fiji,New Zealand",247.604,LCD (LED),197.4,890,Available,5.5,248
156356,EKO,K500UAT,"Australia,Fiji,New Zealand",125.725,LCD,66.62,246,Available,5.5,126
156354,AKAI,AK6522S7TZN,"Australia,Fiji,New Zealand",163.853,LCD,85.2,320,Available,6,164
156324,JVC,AV-JQ757115A,Australia,189.34,LCD (LED),117.5,431,Available,6,189
156319,EKO,K240HAT,"Australia,Fiji,New Zealand",59.796,LCD (LED),18.72,82,Available,5,60
156318,SVISION,SC32HSG,"Australia,Fiji,New Zealand",79.994,LCD (LED),28.86,130,Available,5,80
156317,LINSAR,LS86UHDNF23,"Australia,Fiji,New Zealand",217.425,LCD,169.97,630,Available,6,217
156316,EKO,K320HAT,"Australia,Fiji,New Zealand",79.994,LCD (LED),28.86,130,Available,5,80
156287,HISENSE,58A6KAU,"Australia,New Zealand",146.068,LCD (LED),73.72,299,Available,6,146
156286,HISENSE,70A6KAU,"Australia,New Zealand",176.57,LCD (LED),104.78,415,Available,6,177
156285,HISENSE,85UX series,"Australia,New Zealand",214.783,LCD (LED),202.84,780,Available,5,215
156284,HISENSE,75UX series,"Australia,New Zealand",189.34,LCD (LED),181.25,719,Available,4,189
156156,KOGAN,KALED65R94K*,"Australia,Fiji,New Zealand",163.916,LCD (LED),86.9,372,Available,6,164
156077,EKO,K240HGT,"Australia,Fiji,New Zealand",59.774,LCD,20.94,78,Available,5,60
156044,EKO,K400FAT,"Australia,Fiji,New Zealand",100.36,LCD (LED),54.48,210,Available,4.5,100
156025,TCL,50C845,"Australia,Fiji,New Zealand",125.638,LCD (LED),91.4,390,Available,3.5,126
156005,SAMSUNG ELECTRONICS,QA65QE1CA*,"Australia,Fiji,New Zealand",163.897,LCD (LED),112,412,Available,5.5,164
155956,FFALCON,FF43U63,"Australia,Fiji,New Zealand",107.95,LCD (LED),43.6,178,Available,5.5,108
155955,FFALCON,FF75U63,"Australia,Fiji,New Zealand",189.306,LCD (LED),123.8,500,Available,5.5,189
155953,FFALCON,FF65U63,"Australia,Fiji,New Zealand",163.829,LCD (LED),73.5,327,Available,6,164
155912,BAUHN,ATV40FHDG-1123,Australia,100.305,LCD (LED),40,148,Available,6,100
155910,JVC,AV-J323142A,Australia,80.039,LCD,39,145,Available,4.5,80
155890,KODAK,KD65G11,"Australia,Fiji,New Zealand",163.132,LCD,94.65,358,Available,6,163
155884,TAVICE,65DF,"Australia,New Zealand",163.84,LCD,130.03,477,Available,4.5,164
155853,EKO,K320****,"Australia,Fiji,New Zealand",79.831,LCD,34.296,130,Available,5,80
155824,PHILIPS,43PFT6918/79,"Australia,Fiji,New Zealand",107.95,LCD (LED),38,155,Available,6,108
155735,PHILIPS,43PUT7428/79,"Australia,Fiji,New Zealand",107.95,LCD (LED),80.8,327,Available,3,108
155702,PHILIPS,55PUT7428/79,"Australia,Fiji,New Zealand",138.798,LCD (LED),79.3,321,Available,5,139
155665,BLAUPUNKT,BP240HSG9800,"Australia,Fiji,New Zealand",59.774,LCD,20.94,78,Available,5,60
155646,EKO,K400FGTQ,"Australia,Fiji,New Zealand",100.791,LCD,50.5,186,Available,5,101
155641,EKO,K240HSG,"Australia,Fiji,New Zealand",59.774,LCD,20.8,78,Available,5,60
155639,BLAUPUNKT,BP500USG9800,"Australia,Fiji,New Zealand",125.251,LCD,102.36,376,Available,3.5,125
155613,EKO,K550UGT,"Australia,Fiji,New Zealand",138.783,LCD (LED),87.678,338,Available,5,139
155611,BLAUPUNKT,BP550USG9800,"Australia,Fiji,New Zealand",138.783,LCD (LED),87.678,338,Available,5,139
155594,EKO,K650UGT,"Australia,Fiji,New Zealand",163.896,LCD (LED),141.108,540,Available,4,164
155592,BLAUPUNKT,BP650USG9800,"Australia,Fiji,New Zealand",163.896,LCD (LED),141.108,540,Available,4,164
155585,HISENSE,75U6K series,"Australia,New Zealand",189.274,LCD (LED),154.66,599,Available,5,189
155584,HISENSE,65U6K series,"Australia,New Zealand",163.896,LCD (LED),140.56,555,Available,4,164
155583,HISENSE,55U6K series,"Australia,New Zealand",138.783,LCD (LED),85.64,339,Available,5,139
155568,KONKA,UDE50QR315ANT,"Australia,Fiji,New Zealand",125.731,LCD (LED),72.19,285,Available,5,126
155565,TOSHIBA,85Z670MP,"Australia,New Zealand",214.783,LCD (LED),240.73,975,Available,4,215
155558,KONKA,KDE32RR315ANT,"Australia,Fiji,New Zealand",80.039,LCD (LED),31.51,131,Available,5,80
155556,KOGAN,KALED40R93STE,"Australia,Fiji,New Zealand",100.305,LCD (LED),40,149,Available,6,100
155555,KONKA,UDE55QR315ANT,"Australia,Fiji,New Zealand",138.783,LCD (LED),86.23,341,Available,5,139
155554,KONKA,KDE40RR315ANT,"Australia,Fiji,New Zealand",100.332,LCD (LED),44.91,189,Available,5,100
155515,KOGAN,D60S218-U-T2-W,"Australia,Fiji,New Zealand",152.663,LCD,110.3,405,Available,5,153
155483,PHILIPS,65PUT7428/79,"Australia,Fiji,New Zealand",163.878,LCD (LED),101.3,409,Available,5.5,164
155480,PHILIPS,50PUT7428/79,"Australia,Fiji,New Zealand",125.725,LCD (LED),66.6,269,Available,5,126
155477,KODAK,KD65WOS2,"Australia,Fiji,New Zealand",163.896,LCD (LED),95.274,367,Available,6,164
155426,CHIQ,U65QM8VG,"Australia,Fiji,New Zealand",163.829,LCD (LED),158,579,Available,4,164
155425,CHIQ,U65G7PG,"Australia,Fiji,New Zealand",163.829,LCD (LED),94,404,Available,5.5,164
155424,CHIQ,U58G7PG,"Australia,Fiji,New Zealand",146.039,LCD (LED),86.5,349,Available,5,146
155423,CHIQ,U55G7PG,"Australia,Fiji,New Zealand",138.798,LCD (LED),82.3,320,Available,5,139
155422,CHIQ,U50G7PG,"Australia,Fiji,New Zealand",125.638,LCD (LED),69.9,276,Available,5,126
155421,CHIQ,U43G7PG,"Australia,Fiji,New Zealand",107.95,LCD (LED),52.9,214,Available,5,108
155401,FFALCON,FF55U63,"Australia,Fiji,New Zealand",138.711,LCD (LED),53,250,Available,6,139
155400,FFALCON,FF50U63,"Australia,Fiji,New Zealand",125.638,LCD (LED),50.3,204,Available,6,126
155399,FFALCON,FF40S53,"Australia,Fiji,New Zealand",100.305,LCD (LED),35.6,180,Available,5,100
155398,FFALCON,FF32S53,"Australia,Fiji,New Zealand",79.967,LCD (LED),27,110,Available,5.5,80
155362,HISENSE,75U8K series,"Australia,New Zealand",189.34,LCD (LED),161.33,639,Available,4.5,189
155361,HISENSE,65U8K series,"Australia,New Zealand",163.896,LCD (LED),133.75,520,Available,4.5,164
155360,HISENSE,40A4KAU,Australia,100.332,LCD (LED),29.07,121,Available,7,100
155359,HISENSE,32A4KAU,Australia,80.04,LCD (LED),22.8,93,Available,6,80
155332,EKO,K70USW2,"Australia,Fiji,New Zealand",176.538,LCD,145.2,532,Available,5,177
155258,KOGAN,KALED43U94V*,"Australia,Fiji,New Zealand",107.987,LCD (LED),51.44,221,Available,4.5,108
155231,PANASONIC,TH-75MX950Z,New Zealand,189.321,LCD (LED),107.18,432,Available,6,189
155229,PANASONIC,TH-65MX950Z,New Zealand,163.853,LCD (LED),91.87,370,Available,6,164
155228,PANASONIC,TH-55MX950Z,New Zealand,138.818,LCD (LED),76.53,309,Available,5,139
155202,CHIQ,U75F8TG,"Australia,Fiji,New Zealand",189.306,LCD (LED),137.7,532,Available,5.5,189
155201,CHIQ,L40G7PG,"Australia,Fiji,New Zealand",100.305,LCD (LED),46.8,189,Available,5,100
155200,CHIQ,L32G7PG,"Australia,Fiji,New Zealand",79.967,LCD (LED),27.7,116,Available,5.5,80
155197,PHILIPS,43PUT7908/75,"Australia,Fiji,New Zealand",107.95,LCD (LED),82.7,334,Available,3,108
155195,PHILIPS,32PHT6918/79,"Australia,Fiji,New Zealand",80.054,LCD (LED),25.7,105,Available,6,80
155188,SAMSUNG ELECTRONICS,QA83S89CAS,"Australia,Fiji,New Zealand",209.585,LCD (LED),192,704,Available,5,210
155115,TOSHIBA,55Z670MP,"Australia,New Zealand",138.783,LCD (LED),86.66,341,Available,5,139
155114,TOSHIBA,65Z670MP,"Australia,New Zealand",163.896,LCD (LED),117.13,465,Available,5,164
155113,TOSHIBA,75Z670MP,"Australia,New Zealand",189.34,LCD (LED),144.63,575,Available,5,189
155089,BAUHN,ATV70UHDW-****,Australia,176.592,LCD,107.4,395,Available,6,177
155066,ENGLAON,LED32M50,"Australia,New Zealand",80.131,LCD (LED),43.25,163,Available,4,80
155064,ENGLAON,LED24M50,"Australia,New Zealand",59.809,LCD (LED),25.03,95,Available,4.5,60
155062,SAMSUNG ELECTRONICS,QA77S89CAW,"Australia,New Zealand",195.177,LCD (LED),178,653,Available,4.5,195
155061,ENGLAON,LED24M40,"Australia,New Zealand",59.774,LCD (LED),16.5,70,Available,5.5,60
155058,ENGLAON,24in Smart TV,"Australia,New Zealand",59.81,LCD (LED),20.3,78,Available,5,60
155004,BLAUPUNKT,BP50WOS2,"Australia,Fiji,New Zealand",125.731,LCD (LED),78.5,330,Available,4,126
154991,LG,55UQ7050PSA,"Australia,New Zealand",138.783,LCD (LED),90,331,Available,5,139
154990,LG,50UQ7050PSA,"Australia,New Zealand",125.731,LCD (LED),83,305,Available,4.5,126
154908,LG,43UQ7050PSA,"Australia,New Zealand",107.987,LCD (LED),74,273,Available,3.5,108
154899,KOGAN,KALED22F5Z*,"Australia,Fiji,New Zealand",54.626,LCD,25.2,95,Available,3.5,55
154893,SAMSUNG ELECTRONICS,QA75QE1CA*,"Australia,Fiji,New Zealand",189.338,LCD (LED),130,478,Available,6,189
154890,SAMSUNG ELECTRONICS,QA55QE1CAS,"Australia,Fiji,New Zealand",138.783,LCD (LED),82,302,Available,5.5,139
154889,TOSHIBA,75Z870MP,"Australia,New Zealand",189.274,LCD (LED),199.04,764,Available,4,189
154888,TOSHIBA,65Z870MP,"Australia,New Zealand",163.896,LCD (LED),129.47,520,Available,4.5,164
154887,TOSHIBA,55Z870MP,"Australia,New Zealand",138.783,LCD (LED),115.82,459,Available,3.5,139
154785,KOGAN,KALED50R93STE,"Australia,Fiji,New Zealand",125.638,LCD (LED),69.15,276,Available,5,126
154784,KOGAN,KALED55R93STE,"Australia,Fiji,New Zealand",138.783,LCD (LED),77.8,302,Available,5.5,139
154772,VEON,VN24W2A2023,New Zealand,60.22,LCD,22.6,90,Available,4.5,60
154747,THOMSON,STVLED43FHDB,"Australia,Fiji,New Zealand",107.953,LCD (LED),41.53,162,Available,6,108
154730,HISENSE,85U7K series,"Australia,New Zealand",214.783,LCD (LED),217.19,859,Available,4.5,215
154729,HISENSE,75U7K series,"Australia,New Zealand",189.34,LCD (LED),157.47,612,Available,5,189
154728,HISENSE,65U7K series,"Australia,New Zealand",163.896,LCD (LED),109.65,459,Available,5,164
154727,HISENSE,55U7K series,"Australia,New Zealand",138.783,LCD (LED),82.05,339,Available,5,139
154720,LG,75UM767H0LD,"Australia,New Zealand",189.275,LCD (LED),70,258,Available,8,189
154719,LG,65UM767H0LD,"Australia,New Zealand",163.897,LCD (LED),65,240,Available,7,164
154718,LG,55UM767H0LD,"Australia,New Zealand",138.783,LCD (LED),59,218,Available,7,139
154717,LG,50UM767H0LD,"Australia,New Zealand",125.727,LCD (LED),45,167,Available,7,126
154716,LG,43UM767H0LD,"Australia,New Zealand",107.987,LCD (LED),43,159,Available,6,108
154698,KOGAN,KALED50U94TE,"Australia,Fiji,New Zealand",125.638,LCD (LED),75,276,Available,5,126
154694,KOGAN,KAQLED98XQ98JSTE,"Australia,Fiji,New Zealand",247.691,LCD (LED),323,1233,Available,4,248
154692,KOGAN,KALED55U94TE,"Australia,Fiji,New Zealand",138.783,LCD (LED),80.814,302,Available,5.5,139
154681,FURRION,FDFD24D4D-H2,"Australia,Fiji,New Zealand",60.47,LCD (LED),25.58,96,Available,4.5,60
154675,KOGAN,KALED75U94TE,"Australia,Fiji,New Zealand",189.306,LCD (LED),137.1,546,Available,5.5,189
154657,BLAUPUNKT,BP430FSG9700,"Australia,Fiji,New Zealand",107.953,LCD (LED),53.5,212,Available,5,108
154632,LG,OLED97M3PSA,"Australia,New Zealand",245.145,OLED,258,944,Available,5,245
154631,LG,OLED83M3PSA,"Australia,New Zealand",209.585,OLED,212,776,Available,4.5,210
154630,LG,OLED77M3PSA,"Australia,New Zealand",194.738,OLED,216,791,Available,4,195
154555,TCL,32S5400AF,"Australia,Fiji,New Zealand",79.967,LCD (LED),27,110,Available,5.5,80
154553,TCL,40S5400A,"Australia,Fiji,New Zealand",100.305,LCD (LED),35.6,180,Available,5,100
154533,SYLVOX,RT32R3KECA,"Australia,Fiji,New Zealand",80.131,LCD (LED),31.4,118,Available,5,80
154521,SAMSUNG ELECTRONICS,QA50QE1CAS,"Australia,Fiji,New Zealand",125.727,LCD (LED),76,280,Available,5,126
154520,SAMSUNG ELECTRONICS,QA98QN990CW,"Australia,Fiji,New Zealand",247.688,LCD (LED),389,1423,Available,3.5,248
154470,TCL,85P745,"Australia,Fiji,New Zealand",214.783,LCD (LED),174.4,732,Available,5,215
154469,TCL,55C645,"Australia,Fiji,New Zealand",138.711,LCD (LED),97.8,395,Available,4,139
154403,JVC,LT-32ND35A2,Australia,80.039,LCD (LED),35.3,150,Available,4,80
154395,KOGAN,KALED65U94TE,"Australia,Fiji,New Zealand",163.791,LCD (LED),102.9,404,Available,5.5,164
154394,KOGAN,KAQLED43XQ98JSTE,"Australia,Fiji,New Zealand",107.95,LCD (LED),90.1,353,Available,2.5,108
154308,BLAUPUNKT,BP320FSG98,"Australia,Fiji,New Zealand",79.831,LCD,34.296,130,Available,5,80
154242,BLAUPUNKT,BP650USG9900,"Australia,Fiji,New Zealand",163.954,LCD,234.49,858,Available,2,164
154241,EKO,K650UGTQ,"Australia,Fiji,New Zealand",163.954,LCD,234.49,858,Available,2,164
154164,TCL,85C845,"Australia,Fiji,New Zealand",214.783,LCD (LED),306,1300,Available,2.5,215
154162,LOEWE,WE SEE 50,Australia,125.638,LCD (LED),68,251,Available,5.5,126
154156,LOEWE,WE SEE 55,Australia,138.711,LCD (LED),84,309,Available,5,139
154153,LOEWE,LED 32,Australia,80.054,LCD (LED),34,127,Available,5,80
154150,LOEWE,LOEWE *43,Australia,107.95,LCD (LED),65.8,243,Available,4,108
154120,BLAUPUNKT,BP550USG9800,Australia,138.783,LCD (LED),91.788,354,Available,4.5,139
154113,SYLVOX,RT24R3KECA,"Australia,Fiji,New Zealand",60.47,LCD (LED),21,79,Available,5,60
154094,HUBBL GLASS,LT055A-04-FXTL,Australia,138.711,LCD (LED),64.71,240,Available,6,139
154089,HUBBL GLASS,LT043A-04-FXTL,Australia,108.048,LCD (LED),50.73,200,Available,5,108
154085,SYLVOX,RT22R3KECA,"Australia,Fiji,New Zealand",54.485,LCD (LED),17.8,68,Available,5,54
154080,SYLVOX,OT65A2KEGC,"Australia,Fiji,New Zealand",163.896,LCD (LED),237.1,902,Available,2,164
154079,SYLVOX,OT55A2KEGC,"Australia,Fiji,New Zealand",138.783,LCD (LED),168.3,651,Available,2,139
154045,SYLVOX,OT43A2KEGC,"Australia,Fiji,New Zealand",107.987,LCD (LED),107.8,397,Available,2,108
154006,HISENSE,85A7K series,"Australia,New Zealand",214.783,LCD (LED),177.41,696,Available,5.5,215
154005,HISENSE,75A7K series,"Australia,New Zealand",189.34,LCD (LED),127.12,489,Available,6,189
154004,HISENSE,65A7K series,"Australia,New Zealand",163.896,LCD (LED),102.3,399,Available,5.5,164
154003,HISENSE,55A7K series,"Australia,New Zealand",138.783,LCD (LED),77.8,305,Available,5.5,139
154001,HISENSE,43A7K series,"Australia,New Zealand",107.986,LCD (LED),64.97,259,Available,4,108
153981,KOGAN,KALED40F98TE,"Australia,Fiji,New Zealand",100.305,LCD (LED),40,149,Available,6,100
153980,KOGAN,KALED32F98TE,"Australia,Fiji,New Zealand",79.967,LCD (LED),28,104,Available,6,80
153979,PHILIPS,65OLED708/79,"Australia,Fiji,New Zealand",163.897,OLED,114.8,463,Available,5,164
153978,PHILIPS,55OLED708/79,"Australia,Fiji,New Zealand",138.798,OLED,99.5,400,Available,4,139
153957,CHIQ,U98F8TG,"Australia,Fiji,New Zealand",247.604,LCD (LED),337,1233,Available,4,248
153956,CHIQ,U85F8TG,"Australia,Fiji,New Zealand",214.783,LCD (LED),230.268,897,Available,4,215
153955,LG,75QNED756RA,"Australia,New Zealand",189.275,LCD (LED),130,477,Available,6,189
153954,LG,75QNED75SRA,"Australia,New Zealand",189.275,LCD (LED),126,462,Available,6,189
153953,LG,65QNED756RA,"Australia,New Zealand",163.897,LCD (LED),109,400,Available,5.5,164
153952,LG,65QNED75SRA,"Australia,New Zealand",163.897,LCD (LED),114,419,Available,5,164
153951,LG,55QNED756RA,"Australia,New Zealand",138.783,LCD (LED),87,320,Available,5,139
153950,LG,55QNED75SRA,"Australia,New Zealand",138.783,LCD (LED),92,338,Available,5,139
153949,LG,50QNED756RA,"Australia,New Zealand",125.727,LCD (LED),68,251,Available,5.5,126
153948,LG,50QNED75SRA,"Australia,New Zealand",125.727,LCD (LED),72,265,Available,5,126
153947,LG,43QNED756RA,"Australia,New Zealand",107.987,LCD (LED),82,302,Available,3.5,108
153946,LG,43QNED75SRA,"Australia,New Zealand",107.987,LCD (LED),70,258,Available,4,108
153945,EKO,K55USWQ2,"Australia,Fiji,New Zealand",138.783,LCD (LED),117.3,470,Available,3.5,139
153944,EKO,K65USWQ2,"Australia,Fiji,New Zealand",163.897,LCD (LED),113.9,462,Available,5,164
153910,LG,86QNED866RE,"Australia,New Zealand",217.425,LCD (LED),206,754,Available,5,217
153909,LG,75QNED866RE,"Australia,New Zealand",189.275,LCD (LED),150,550,Available,5,189
153908,LG,65QNED866RE,"Australia,New Zealand",163.897,LCD (LED),125,459,Available,5,164
153907,SYLVOX,KT16A0KGEA,"Australia,Fiji,New Zealand",39.487,LCD (LED),15.1,58,Available,4.5,39
153842,EKO,K400FSG,"Australia,Fiji,New Zealand",100.791,LCD,50.5,186,Available,5,101
153841,BLAUPUNKT,BP400FSG9800,"Australia,Fiji,New Zealand",100.791,LCD,50.5,186,Available,5,101
153609,JVC,LT-50N7145A,Australia,125.251,LCD,102.36,376,Available,3.5,125
153606,PANASONIC,TH-65MZ2000Z,New Zealand,163.853,OLED,132,486,Available,4.5,164
153604,PANASONIC,TH-55MZ2000Z,New Zealand,138.818,OLED,106,391,Available,4,139
153601,BAUHN,ATV50UHDT-0823,"Australia,Fiji,New Zealand",125.727,LCD,56.7,225,Available,6,126
153595,TOSHIBA,75C350MP,"Australia,New Zealand",189.274,LCD (LED),114.36,489,Available,6,189
153594,TOSHIBA,65C350MP,"Australia,New Zealand",163.896,LCD (LED),82.49,333,Available,6,164
153593,TOSHIBA,55C350MP,"Australia,New Zealand",138.783,LCD (LED),63.89,269,Available,6,139
153592,TOSHIBA,50C350MP,"Australia,New Zealand",125.731,LCD (LED),67.75,269,Available,5,126
153591,TOSHIBA,43C350MP,"Australia,New Zealand",107.986,LCD (LED),51.12,214,Available,5,108
153590,LG,86UR801C0SB,"Australia,New Zealand",217.425,LCD (LED),250,915,Available,4,217
153589,LG,86UR801C0LA,"Australia,New Zealand",217.425,LCD (LED),250,915,Available,4,217
153588,LG,75UR801C0SB,"Australia,New Zealand",189.275,LCD (LED),165,605,Available,5,189
153587,LG,75UR801C0LJ,"Australia,New Zealand",189.275,LCD (LED),165,605,Available,5,189
153586,LG,65UR801C0SB,"Australia,New Zealand",163.897,LCD (LED),127,466,Available,4.5,164
153585,LG,65UR781C0LL,"Australia,New Zealand",163.897,LCD (LED),127,466,Available,4.5,164
153584,LG,55UR801C0SB,"Australia,New Zealand",138.783,LCD (LED),97,357,Available,4.5,139
153583,LG,55UR781C0LL,"Australia,New Zealand",138.783,LCD (LED),97,357,Available,4.5,139
153582,LG,50UR801C0SB,"Australia,New Zealand",125.727,LCD (LED),78,287,Available,4.5,126
153581,LG,50UR781C0LL,"Australia,New Zealand",125.727,LCD (LED),78,287,Available,4.5,126
153580,LG,43UR801C0SB,"Australia,New Zealand",107.987,LCD (LED),73,269,Available,4,108
153579,LG,43UR781C0LL,"Australia,New Zealand",107.987,LCD (LED),73,269,Available,4,108
153540,SONY,XR-77A95L,"Australia,New Zealand",195.173,OLED,147.7,546,Available,5.5,195
153525,EKO,K32HSW,"Australia,Fiji,New Zealand",80.039,LCD (LED),48.19,180,Available,3.5,80
153467,VEON,VN43ID7022,New Zealand,107.901,LCD (LED),58,235,Available,4.5,108
153462,JVC,AV-J243145A,Australia,59.824,LCD (LED),17.0946,70,Available,5.5,60
153450,PHILIPS,65PUT8808/75,"Australia,Fiji,New Zealand",163.897,LCD (LED),142.4,574,Available,4,164
153449,BLAUPUNKT,BP50WOS2,"Australia,Fiji,New Zealand",125.731,LCD,85.767,315,Available,4.5,126
153427,TCL,75P745,"Australia,Fiji,New Zealand",189.306,LCD (LED),113.6,459,Available,6,189
153426,TCL,65P745,"Australia,Fiji,New Zealand",163.829,LCD (LED),74.4,315,Available,6,164
153425,TCL,55P745,"Australia,Fiji,New Zealand",138.711,LCD (LED),55.5,225,Available,6,139
153424,TCL,50P745,"Australia,Fiji,New Zealand",125.638,LCD (LED),52.3,212,Available,6,126
153419,TCL,43P745,"Australia,Fiji,New Zealand",107.95,LCD (LED),47.1,200,Available,5,108
153413,PHILIPS,55PUT8808/75,"Australia,Fiji,New Zealand",138.798,LCD (LED),136.6,551,Available,2.5,139
153411,PHILIPS,75PUT7908/75,"Australia,Fiji,New Zealand",189.306,LCD (LED),144.1,580,Available,5,189
153405,PHILIPS,75PUT8808/75,"Australia,Fiji,New Zealand",189.306,LCD (LED),153.1,617,Available,4.5,189
153313,EKO,K420FSG,"Australia,Fiji,New Zealand",105.348,LCD,48.96,180,Available,5.5,105
153276,PHILIPS,65PUT7908/75,"Australia,Fiji,New Zealand",163.897,LCD (LED),129.8,523,Available,4,164
153275,PHILIPS,55PUT7908/75,"Australia,Fiji,New Zealand",138.798,LCD (LED),102.3,413,Available,4,139
153274,PHILIPS,50PUT7908/75,"Australia,Fiji,New Zealand",125.725,LCD (LED),99.1,400,Available,3,126
153258,SAMSUNG ELECTRONICS,QA77S90CA*,"Australia,Fiji,New Zealand",195.177,LCD (LED),178,653,Available,4.5,195
153194,KOGAN,KALED19PRIZD,"Australia,Fiji,New Zealand",47.013,LCD (LED),15.8694,62,Available,5,47
153156,SONY,XR-65A95L,"Australia,New Zealand",163.878,OLED,122.1,452,Available,5,164
153155,SONY,XR-55A95L,"Australia,New Zealand",138.798,OLED,103.6,385,Available,4,139
153140,JVC,AV-J323135A,Australia,80.039,LCD (LED),24.687,110,Available,5.5,80
153117,PHILIPS,65PUT8528/79,"Australia,Fiji,New Zealand",163.897,LCD (LED),119.3,481,Available,4.5,164
153116,PHILIPS,55PUT8528/79,"Australia,Fiji,New Zealand",138.798,LCD (LED),90.5,365,Available,4.5,139
153115,PHILIPS,50PUT8528/79,"Australia,Fiji,New Zealand",125.725,LCD (LED),81.3,329,Available,4,126
153113,ENGLAON,LED32M10,"Australia,New Zealand",81.278,LCD (LED),40.45,150,Available,4.5,81
153112,ENGLAON,LED22M60,"Australia,New Zealand",55.86,LCD (LED),27.25,102,Available,4,56
153057,EKO,K65USW2,"Australia,Fiji,New Zealand",163.897,LCD (LED),154.08,581,Available,4,164
153054,EKO,K55USW,"Australia,Fiji,New Zealand",138.783,LCD (LED),96.1,364,Available,4.5,139
153032,SAMSUNG ELECTRONICS,QA98Q80CA*,"Australia,Fiji,New Zealand",247.702,LCD (LED),289,1058,Available,4.5,248
152977,PANASONIC,TH-77MZ2000Z,New Zealand,194.712,OLED,183,672,Available,4.5,195
152967,LG,OLED88Z36LA,"Australia,New Zealand",222.486,OLED,349,1276,Available,3,222
152966,LG,OLED88Z3PSA,"Australia,New Zealand",222.486,OLED,349,1276,Available,3,222
152964,FFALCON,FF40RS52,"Australia,Fiji,New Zealand",100.305,LCD (LED),35.1,144,Available,6,100
152959,PANASONIC,TH-43MS600Z,New Zealand,108.124,LCD (LED),35.598,144,Available,6,108
152958,PANASONIC,TH-32MS600Z,New Zealand,80.054,LCD (LED),23.298,95,Available,6,80
152913,BAUHN,ATV70UHDT-0623,"Australia,Fiji,New Zealand",176.532,LCD,110.15,420,Available,6,177
152875,BAUHN,ATV43UHDT-0723,"Australia,Fiji,New Zealand",107.987,LCD (LED),45.5,170,Available,6,108
152874,FFALCON,FF75RU62,"Australia,Fiji,New Zealand",189.306,LCD (LED),101.1,450,Available,6,189
152852,TCL,98C745,"Australia,Fiji,New Zealand",247.604,LCD (LED),440.5,1771,Available,2.5,248
152821,KONIC,KDL32WE330VN2,New Zealand,80.057,LCD,34.67,129,Available,5,80
152812,JVC,LT-43N5135A,Australia,107.863,LCD,55.635,205,Available,5,108
152799,EKO,K50USW2,"Australia,Fiji,New Zealand",125.731,LCD (LED),78.5,330,Available,4,126
152760,LINSAR,LS65UHDZEN,"Australia,Fiji,New Zealand",163.878,LCD,96.3,370,Available,6,164
152722,EKO,K55OLED,"Australia,Fiji,New Zealand",138.847,OLED,74.74,275,Available,5.5,139
152717,EKO,K40FSW,"Australia,Fiji,New Zealand",100.353,LCD (LED),48.68,180,Available,5,100
152681,SONY,XR-98X90L,"Australia,New Zealand",247.691,LCD (LED),256.4,944,Available,5,248
152639,TCL,75C845,"Australia,Fiji,New Zealand",189.306,LCD (LED),208.3,956,Available,3,189
152636,TCL,65C845,"Australia,Fiji,New Zealand",163.829,LCD (LED),182.7,812,Available,2.5,164
152634,TCL,55C845,"Australia,Fiji,New Zealand",138.711,LCD (LED),123.8,532,Available,3,139
152624,TCL,65C745,"Australia,Fiji,New Zealand",163.829,LCD (LED),128.1,520,Available,4.5,164
152623,TCL,43C645,"Australia,Fiji,New Zealand",107.95,LCD (LED),54,220,Available,4.5,108
152622,TCL,50C645,"Australia,Fiji,New Zealand",125.638,LCD (LED),68.4,277,Available,5,126
152621,TCL,75C645,"Australia,Fiji,New Zealand",189.306,LCD (LED),248.6,1010,Available,2.5,189
152620,TCL,85C645,"Australia,Fiji,New Zealand",214.783,LCD (LED),152.2,623,Available,6,215
152580,TCL,85C745,"Australia,Fiji,New Zealand",214.783,LCD (LED),278.5,1170,Available,3,215
152578,TCL,55C745,"Australia,Fiji,New Zealand",138.711,LCD (LED),113.8,476,Available,3.5,139
152550,AKAI,AK4021S6WOS,"Australia,Fiji,New Zealand",100.217,LCD,39.9,150,Available,6,100
152548,SAMSUNG ELECTRONICS,LH85BECHLGKXXY,"Australia,Fiji,New Zealand",214.783,LCD (LED),145,532,Available,6,215
152547,SAMSUNG ELECTRONICS,LH75BECHLG****,"Australia,Fiji,New Zealand",189.338,LCD (LED),139,510,Available,5.5,189
152545,SAMSUNG ELECTRONICS,LH65BECHLG****,"Australia,Fiji,New Zealand",163.897,LCD (LED),116,426,Available,5,164
152544,SAMSUNG ELECTRONICS,LH55BECHLGKXXY,"Australia,Fiji,New Zealand",138.783,LCD (LED),81,299,Available,5.5,139
152543,SAMSUNG ELECTRONICS,LH50BECHLG****,"Australia,Fiji,New Zealand",125.727,LCD (LED),80,295,Available,4.5,126
152532,SAMSUNG ELECTRONICS,LH43BECHLG****,"Australia,Fiji,New Zealand",107.987,LCD (LED),70,259,Available,4,108
152494,TCL,75C745,"Australia,Fiji,New Zealand",189.306,LCD (LED),174.7,732,Available,4,189
152485,SAMSUNG ELECTRONICS,QA77S95CA*,"Australia,Fiji,New Zealand",195.177,LCD (LED),220,806,Available,4,195
152484,SAMSUNG ELECTRONICS,QA65S95CA*,"Australia,Fiji,New Zealand",163.897,LCD (LED),155,569,Available,4,164
152483,SAMSUNG ELECTRONICS,QA55S95CA*,"Australia,Fiji,New Zealand",138.783,LCD (LED),113,416,Available,4,139
152472,SAMSUNG ELECTRONICS,UA85CU8*00*,"Australia,Fiji,New Zealand",214.783,LCD (LED),198,726,Available,5,215
152467,PANASONIC,TH-65MZ1500Z,New Zealand,163.853,OLED,124,457,Available,5,164
152466,PANASONIC,TH-55MZ1500Z,New Zealand,138.818,OLED,98,362,Available,4.5,139
152465,PANASONIC,TH-65MZ980Z,New Zealand,163.853,OLED,124,457,Available,5,164
152464,PANASONIC,TH-55MZ980Z,New Zealand,138.818,OLED,99,365,Available,4.5,139
152463,PANASONIC,TH-48MZ980Z,New Zealand,120.703,OLED,78,289,Available,4.5,121
152462,PANASONIC,TH-42MZ980Z,New Zealand,105.52,OLED,60,223,Available,4.5,106
152455,ENGLAON,27in Smart TV,Australia,77.186,LCD (LED),42.76,158,Available,4,77
152453,ENGLAON,32in Smart TV,"Australia,New Zealand",86.176,LCD (LED),47.2,175,Available,4.5,86
152427,BAUHN,ATV55UHDT-0723,"Australia,Fiji",138.783,LCD,68.5,272,Available,6,139
152382,LG,OLED42C34LA,"Australia,New Zealand",105.52,OLED,63,232,Available,4.5,106
152314,SONY,XR-85X90L,"Australia,New Zealand",214.783,LCD (LED),201.6,744,Available,5,215
152296,FFALCON,FF32RS52,"Australia,Fiji,New Zealand",79.967,LCD (LED),24.1,99,Available,6,80
152294,EKO,K43FSG11,"Australia,Fiji,New Zealand",107.953,LCD (LED),53.5,212,Available,5,108
152287,SAMSUNG ELECTRONICS,QA65S90CA*,"Australia,Fiji,New Zealand",163.897,LCD (LED),154,565,Available,4,164
152286,SONY,KD-50X77L,"Australia,New Zealand",125.725,LCD (LED),93.8,348,Available,4,126
152284,SONY,KD-43X77L,"Australia,New Zealand",107.95,LCD (LED),77.5,288,Available,3.5,108
152283,SAMSUNG ELECTRONICS,QA55S90CA*,"Australia,Fiji,New Zealand",138.783,LCD (LED),113,416,Available,4,139
152244,SONY,XR-75X95L,"Australia,New Zealand",189.306,LCD (LED),242.5,894,Available,3,189
152243,SONY,XR-65X95L,"Australia,New Zealand",163.878,LCD (LED),214.8,793,Available,2.5,164
152240,SONY,XR-85X95L,"Australia,New Zealand",214.783,LCD (LED),280.7,1034,Available,3.5,215
152183,LG,86UR81006LA,"Australia,New Zealand",217.425,LCD (LED),250,915,Available,4,217
152182,LG,86UR80006LA,"Australia,New Zealand",217.425,LCD (LED),250,915,Available,4,217
152181,LG,75UR81006LJ,"Australia,New Zealand",189.275,LCD (LED),165,605,Available,5,189
152180,LG,75UR80006LJ,"Australia,New Zealand",189.275,LCD (LED),165,605,Available,5,189
152179,LG,65UR81006LJ,"Australia,New Zealand",163.897,LCD (LED),127,466,Available,4.5,164
152178,LG,55UR81006LJ,"Australia,New Zealand",138.783,LCD (LED),97,357,Available,4.5,139
152177,LG,50UR81006LJ,"Australia,New Zealand",125.727,LCD (LED),78,287,Available,4.5,126
152176,LG,43UR81006LJ,"Australia,New Zealand",107.987,LCD (LED),73,269,Available,4,108
152167,SONY,KD-75X85L,"Australia,New Zealand",189.306,LCD (LED),181.1,667,Available,4.5,189
152158,SONY,KD-65X77L,"Australia,New Zealand",163.878,LCD (LED),143.6,530,Available,4,164
152157,SONY,KD-55X77L,"Australia,New Zealand",138.798,LCD (LED),129.1,477,Available,3.5,139
152138,BLAUPUNKT,BP650USG9800,Australia,163.896,LCD,143.934,554,Available,4,164
152109,LG,86QNED866RA,"Australia,New Zealand",217.425,LCD (LED),206,754,Available,5,217
152108,LG,86QNED86SRA,"Australia,New Zealand",217.425,LCD (LED),206,754,Available,5,217
152107,LG,75QNED866RA,"Australia,New Zealand",189.275,LCD (LED),150,550,Available,5,189
152106,LG,75QNED86SRA,"Australia,New Zealand",189.275,LCD (LED),150,550,Available,5,189
152105,LG,65QNED866RA,"Australia,New Zealand",163.897,LCD (LED),125,459,Available,5,164
152104,LG,65QNED86SRA,"Australia,New Zealand",163.897,LCD (LED),125,459,Available,5,164
152101,KOGAN,KALED65U92TE,"Australia,Fiji,New Zealand",163.829,LCD (LED),101.3,404,Available,5.5,164
152082,KOGAN,KALED32RH9320STA,"Australia,Fiji,New Zealand",79.967,LCD (LED),28,104,Available,6,80
152081,EKO,K500USG,Australia,125.731,LCD,86.21,333,Available,4,126
152075,EKO,K550USG,Australia,138.783,LCD,91.788,354,Available,4.5,139
152068,KOGAN,KALED98X98JSTA,"Australia,Fiji,New Zealand",247.604,LCD (LED),337,1233,Available,4,248
152060,EKO,K650USG,Australia,163.896,LCD,143.934,554,Available,4,164
152005,LINSAR,LS32C12V,"Australia,Fiji,New Zealand",80.043,LCD,27.1,102,Available,6,80
151974,SONY,XR-83A80L,"Australia,New Zealand",209.636,OLED,207,765,Available,4.5,210
151973,POLAROID,PL40S4G11,"Australia,Fiji,New Zealand",100.305,LCD,40,149,Available,6,100
151962,SONY,KD-75X77L,"Australia,New Zealand",189.306,LCD (LED),214.5,789,Available,3.5,189
151949,AKAI,AK5522S7TZN,"Australia,Fiji,New Zealand",138.783,LCD,68.5,272,Available,6,139
151908,SAMSUNG ELECTRONICS,QA55QN700CS,"Australia,Fiji,New Zealand",138.783,LCD (LED),168,616,Available,2,139
151907,SAMSUNG ELECTRONICS,QA75Q6*CA*,"Australia,Fiji,New Zealand",189.338,LCD (LED),183,671,Available,4.5,189
151906,SAMSUNG ELECTRONICS,QA85QN95CA*,"Australia,Fiji,New Zealand",214.783,LCD (LED),247,905,Available,4,215
151905,SAMSUNG ELECTRONICS,QA75QN95CA*,"Australia,Fiji,New Zealand",189.338,LCD (LED),194,711,Available,4,189
151892,POLAROID,PL6521UHDG,"Australia,Fiji,New Zealand",163.132,LCD,94.65,358,Available,6,163
151890,SAMSUNG ELECTRONICS,QA65QN900C*,"Australia,Fiji,New Zealand",163.897,LCD (LED),280,1025,Available,1,164
151889,SAMSUNG ELECTRONICS,QA85QN800C*,"Australia,Fiji,New Zealand",214.783,LCD (LED),303,1109,Available,3,215
151888,SAMSUNG ELECTRONICS,QA75QN700CS,"Australia,Fiji,New Zealand",189.338,LCD (LED),214,784,Available,3.5,189
151887,SAMSUNG ELECTRONICS,QA50Q80CAS,"Australia,Fiji,New Zealand",125.736,LCD (LED),93,343,Available,4,126
151886,SAMSUNG ELECTRONICS,QA65QN95CA*,"Australia,Fiji,New Zealand",163.897,LCD (LED),155,569,Available,4,164
151884,LG,65UR78006LL,"Australia,New Zealand",163.897,LCD (LED),127,466,Available,4.5,164
151883,LG,55UR78006LL,"Australia,New Zealand",138.783,LCD (LED),97,357,Available,4.5,139
151882,LG,50UR78006LL,"Australia,New Zealand",125.727,LCD (LED),78,287,Available,4.5,126
151881,LG,43UR78006LL,"Australia,New Zealand",107.987,LCD (LED),73,269,Available,4,108
151864,SAMSUNG ELECTRONICS,QA85QN900C*,"Australia,Fiji,New Zealand",214.783,LCD (LED),373,1365,Available,2,215
151862,SAMSUNG ELECTRONICS,QA65QN700CS,"Australia,Fiji,New Zealand",163.897,LCD (LED),190,697,Available,3,164
151861,SAMSUNG ELECTRONICS,QA75QN900C*,"Australia,Fiji,New Zealand",189.338,LCD (LED),340,1244,Available,1.5,189
151857,SAMSUNG ELECTRONICS,QA65Q70CA*,"Australia,Fiji,New Zealand",163.897,LCD (LED),145,532,Available,4,164
151856,SAMSUNG ELECTRONICS,QA55Q70CA*,"Australia,Fiji,New Zealand",138.783,LCD (LED),114,419,Available,4,139
151855,SAMSUNG ELECTRONICS,QA85Q80CA*,"Australia,Fiji,New Zealand",214.783,LCD (LED),259,948,Available,4,215
151854,SAMSUNG ELECTRONICS,QA75Q80CA*,"Australia,Fiji,New Zealand",189.338,LCD (LED),203,744,Available,4,189
151853,SAMSUNG ELECTRONICS,QA65Q80CA*,"Australia,Fiji,New Zealand",163.897,LCD (LED),153,562,Available,4,164
151848,SAMSUNG ELECTRONICS,QA85Q70CA*,"Australia,Fiji,New Zealand",214.783,LCD (LED),216,791,Available,4.5,215
151847,SAMSUNG ELECTRONICS,UA75CU8500S,"Australia,Fiji,New Zealand",189.338,LCD (LED),165,605,Available,5,189
151846,SAMSUNG ELECTRONICS,QA75QN800C*,"Australia,Fiji,New Zealand",189.338,LCD (LED),292,1069,Available,2.5,189
151845,SAMSUNG ELECTRONICS,QA65QN800C*,"Australia,Fiji,New Zealand",163.897,LCD (LED),263,963,Available,1.5,164
151842,SAMSUNG ELECTRONICS,QA85QN85CA*,"Australia,New Zealand",214.783,LCD (LED),206,755,Available,5,215
151841,SAMSUNG ELECTRONICS,QA55QN85CA*,"Fiji,New Zealand",138.783,LCD (LED),112,412,Available,4,139
151840,SAMSUNG ELECTRONICS,QA32LS03CBW,"Australia,Fiji,New Zealand",80.008,LCD (LED),43,160,Available,4,80
151839,SAMSUNG ELECTRONICS,QA55Q80CA*,"Australia,Fiji,New Zealand",138.783,LCD (LED),112,412,Available,4,139
151793,EKO,K32HSW,"Australia,Fiji,New Zealand",80.039,LCD (LED),33.27,140,Available,4.5,80
151766,SAMSUNG ELECTRONICS,QA85QN90CA*,"Australia,Fiji,New Zealand",214.783,LCD (LED),245,897,Available,4,215
151761,SAMSUNG ELECTRONICS,QA75Q70CA*,"Australia,Fiji,New Zealand",189.338,LCD (LED),158,580,Available,5,189
151749,EKO,K42FSW2,"Australia,Fiji",105.415,LCD,70.2,260,Available,3.5,105
151716,SAMSUNG ELECTRONICS,UA65CU8*00*,"Australia,Fiji,New Zealand",163.897,LCD (LED),123,452,Available,5,164
151714,SAMSUNG ELECTRONICS,UA55CU8*00*,"Australia,Fiji,New Zealand",138.783,LCD (LED),98,361,Available,4.5,139
151713,SAMSUNG ELECTRONICS,UA50CU8*00*,"Australia,Fiji,New Zealand",125.736,LCD (LED),89,328,Available,4,126
151712,SAMSUNG ELECTRONICS,UA43CU8*00*,"Australia,Fiji,New Zealand",107.987,LCD (LED),70,259,Available,4,108
151711,SAMSUNG ELECTRONICS,QA65QN85CA*,"Australia,Fiji,New Zealand",163.897,LCD (LED),137,503,Available,4.5,164
151696,PRISM+,Q65U,Australia,163.897,LCD (LED),110.448,465,Available,5,164
151692,SONY,XR-75X90L,"Australia,New Zealand",189.306,LCD (LED),159.3,589,Available,5,189
151691,SAMSUNG ELECTRONICS,QA43QN90CA*,"Australia,Fiji,New Zealand",107.987,LCD (LED),70,259,Available,4,108
151665,BAUHN,ATV24HDG-0223,"Australia,Fiji,New Zealand",59.774,LCD (LED),16.17,61,Available,6,60
151648,SAMSUNG ELECTRONICS,QA75QN85CA*,"Australia,Fiji,New Zealand",189.338,LCD (LED),153,562,Available,5,189
151643,FFALCON,FF50RU62,"Australia,Fiji,New Zealand",125.638,LCD (LED),43.1,190,Available,6,126
151642,FFALCON,FF43RU62,"Australia,Fiji,New Zealand",107.95,LCD (LED),36.7,160,Available,6,108
151639,LG,86UR8050PSB,"Australia,New Zealand",217.425,LCD (LED),250,915,Available,4,217
151638,LG,75UR8050PSB,"Australia,New Zealand",189.275,LCD (LED),165,605,Available,5,189
151637,LG,65UR80006LJ,"Australia,New Zealand",163.897,LCD (LED),127,466,Available,4.5,164
151636,LG,65UR8050PSB,"Australia,New Zealand",163.897,LCD (LED),127,466,Available,4.5,164
151635,LG,55UR80006LJ,"Australia,New Zealand",138.783,LCD (LED),97,357,Available,4.5,139
151634,LG,55UR8050PSB,"Australia,New Zealand",138.783,LCD (LED),97,357,Available,4.5,139
151633,LG,50UR80006LJ,"Australia,New Zealand",125.727,LCD (LED),78,287,Available,4.5,126
151632,LG,50UR8050PSB,"Australia,New Zealand",125.727,LCD (LED),78,287,Available,4.5,126
151631,LG,43UR80006LJ,"Australia,New Zealand",107.987,LCD (LED),73,269,Available,4,108
151630,LG,43UR8050PSB,"Australia,New Zealand",107.987,LCD (LED),73,269,Available,4,108
151620,FFALCON,FF65RU62,"Australia,Fiji,New Zealand",163.829,LCD (LED),49.7,220,Available,8,164
151615,SAMSUNG ELECTRONICS,UA75CU7*00S,"Australia,Fiji,New Zealand",189.338,LCD (LED),139,510,Available,5.5,189
151613,SAMSUNG ELECTRONICS,UA65CU7*00S,"Australia,Fiji,New Zealand",163.897,LCD (LED),116,426,Available,5,164
151610,SAMSUNG ELECTRONICS,UA55CU7*00S,"Australia,Fiji,New Zealand",138.783,LCD (LED),81,299,Available,5.5,139
151607,SAMSUNG ELECTRONICS,UA50CU7*00S,"Australia,Fiji,New Zealand",125.727,LCD (LED),80,295,Available,4.5,126
151606,SAMSUNG ELECTRONICS,UA43CU7*00S,"Australia,Fiji,New Zealand",107.987,LCD (LED),70,259,Available,4,108
151603,SAMSUNG ELECTRONICS,QA75QN90CA*,"Australia,Fiji,New Zealand",189.338,LCD (LED),186,682,Available,4.5,189
151602,SAMSUNG ELECTRONICS,QA65QN90CA*,"Australia,Fiji,New Zealand",163.897,LCD (LED),155,569,Available,4,164
151598,SAMSUNG ELECTRONICS,QA85Q6*CA*,"Australia,Fiji,New Zealand",214.783,LCD (LED),173,635,Available,5.5,215
151572,PRISM+,Q55U,Australia,138.731,LCD (LED),73.254,304,Available,5.5,139
151566,SONY,KD-65X85L,"Australia,New Zealand",163.878,LCD (LED),144.6,533,Available,4,164
151565,SONY,KD-55X85L,"Australia,New Zealand",138.798,LCD (LED),107,396,Available,4,139
151489,SAMSUNG ELECTRONICS,QA55QN90CA*,"Australia,Fiji,New Zealand",138.783,LCD (LED),113,416,Available,4,139
151488,SAMSUNG ELECTRONICS,QA50QN90CA*,"Australia,Fiji,New Zealand",125.727,LCD (LED),94,346,Available,4,126
151478,SAMSUNG ELECTRONICS,QA55Q6*CA*,"Australia,Fiji,New Zealand",138.783,LCD (LED),87,321,Available,5,139
151476,SAMSUNG ELECTRONICS,QA43Q6*CA*,"Australia,Fiji,New Zealand",107.987,LCD (LED),70,259,Available,4,108
151455,LG,86QNED816RA,"Australia,New Zealand",217.425,LCD (LED),198,725,Available,5,217
151454,LG,86QNED81SRA,"Australia,New Zealand",217.425,LCD (LED),198,725,Available,5,217
151453,LG,75QNED816RA,"Australia,New Zealand",189.275,LCD (LED),134,492,Available,5.5,189
151452,LG,75QNED81SRA,"Australia,New Zealand",189.275,LCD (LED),134,492,Available,5.5,189
151451,LG,65QNED816RA,"Australia,New Zealand",163.897,LCD (LED),118,433,Available,5,164
151450,LG,65QNED81SRA,"Australia,New Zealand",163.897,LCD (LED),118,433,Available,5,164
151449,LG,55QNED816RA,"Australia,New Zealand",138.783,LCD (LED),94,346,Available,4.5,139
151448,LG,55QNED81SRA,"Australia,New Zealand",138.783,LCD (LED),94,346,Available,4.5,139
151447,LG,50QNED816RA,"Australia,New Zealand",125.727,LCD (LED),80,295,Available,4.5,126
151446,LG,50QNED81SRA,"Australia,New Zealand",125.727,LCD (LED),80,295,Available,4.5,126
151440,SAMSUNG ELECTRONICS,QA50Q6*CA*,"Australia,Fiji,New Zealand",125.727,LCD (LED),76,280,Available,5,126
151437,YOKOHAMA,YOKT65Q8,Australia,164.003,LCD,148.05,542,Available,4,164
151436,YOKOHAMA,YOKT55Q8,Australia,139.332,LCD,75.58,278,Available,5.5,139
151433,SAMSUNG ELECTRONICS,QA65Q6*CA*,"Australia,Fiji,New Zealand",163.897,LCD (LED),107,394,Available,5.5,164
151401,SONY,KD-85X80L,"Australia,New Zealand",214.783,LCD (LED),238.7,878,Available,4,215
151400,SONY,KD-75X80L,"Australia,New Zealand",189.306,LCD (LED),187.9,692,Available,4,189
151393,BAUHN,ATV24HDG-0223,"Australia,Fiji,New Zealand",59.774,LCD (LED),16.17,84,Available,5,60
151378,LG,OLED83G36LA,"Australia,New Zealand",209.585,OLED,181,663,Available,5.5,210
151377,LG,OLED83G3PSA,"Australia,New Zealand",209.585,OLED,181,663,Available,5.5,210
151376,LG,OLED83C36LA,"Australia,New Zealand",209.585,OLED,179,656,Available,5.5,210
151375,LG,OLED83C3PSA,"Australia,New Zealand",209.585,OLED,179,656,Available,5.5,210
151374,LG,OLED77Z3PSA,"Australia,New Zealand",194.738,OLED,238,871,Available,3.5,195
151373,LG,OLED77G36LA,"Australia,New Zealand",194.738,OLED,196,718,Available,4.5,195
151372,LG,OLED77G3PSA,"Australia,New Zealand",194.738,OLED,196,718,Available,4.5,195
151371,LG,OLED77C36LA,"Australia,New Zealand",194.738,OLED,153,561,Available,5.5,195
151370,LG,OLED77C3PSA,"Australia,New Zealand",194.738,OLED,153,561,Available,5.5,195
151369,LG,OLED77B36LA,"Australia,New Zealand",194.738,OLED,158,579,Available,5,195
151368,LG,OLED77B3PSA,"Australia,New Zealand",194.738,OLED,158,579,Available,5,195
151367,LG,OLED65G36LA,"Australia,New Zealand",163.897,OLED,145,532,Available,4,164
151366,LG,OLED65G3PSA,"Australia,New Zealand",163.897,OLED,145,532,Available,4,164
151365,LG,OLED65C36LA,"Australia,New Zealand",163.897,OLED,112,411,Available,5.5,164
151364,LG,OLED65C3PSA,"Australia,New Zealand",163.897,OLED,112,411,Available,5.5,164
151363,LG,OLED65B36LA,"Australia,New Zealand",163.897,OLED,121,444,Available,5,164
151362,LG,OLED65B3PSA,"Australia,New Zealand",163.897,OLED,121,444,Available,5,164
151361,LG,OLED65A36LA,"Australia,New Zealand",163.897,OLED,103,378,Available,5.5,164
151360,LG,OLED65A3PSA,"Australia,New Zealand",163.897,OLED,103,378,Available,5.5,164
151359,LG,OLED55G36LA,"Australia,New Zealand",138.783,OLED,115,422,Available,4,139
151358,LG,OLED55G3PSA,"Australia,New Zealand",138.783,OLED,115,422,Available,4,139
151357,LG,OLED55C36LA,"Australia,New Zealand",138.783,OLED,95,349,Available,4.5,139
151356,LG,OLED55C3PSA,"Australia,New Zealand",138.783,OLED,95,349,Available,4.5,139
151355,LG,OLED55B36LA,"Australia,New Zealand",138.783,OLED,99,364,Available,4.5,139
151354,LG,OLED55B3PSA,"Australia,New Zealand",138.783,OLED,99,364,Available,4.5,139
151353,LG,OLED55A36LA,"Australia,New Zealand",138.783,OLED,84,309,Available,5,139
151352,LG,OLED55A3PSA,"Australia,New Zealand",138.783,OLED,84,309,Available,5,139
151351,LG,OLED48C36LA,"Australia,New Zealand",120.721,OLED,77,284,Available,4.5,121
151350,LG,OLED48C3PSA,"Australia,New Zealand",120.721,OLED,77,284,Available,4.5,121
151349,LG,OLED48A36LA,"Australia,New Zealand",120.721,OLED,75,276,Available,4.5,121
151348,LG,OLED48A3PSA,"Australia,New Zealand",120.721,OLED,75,276,Available,4.5,121
151347,LG,OLED42C36LA,"Australia,New Zealand",105.52,OLED,63,232,Available,4.5,106
151346,LG,OLED42C3PSA,"Australia,New Zealand",105.52,OLED,63,232,Available,4.5,106
151290,SONY,XR-65X90L,"Australia,New Zealand",163.878,LCD (LED),144.3,535,Available,4,164
151289,SONY,XR-55X90L,"Australia,New Zealand",138.798,LCD (LED),121,450,Available,3.5,139
151282,BLAUPUNKT,BP85WOS,"Australia,Fiji,New Zealand",214.783,LCD,228,834,Available,4.5,215
151218,KONKA,KDL32WE680AN,New Zealand,80.039,LCD (LED),31.1544,122,Available,5,80
151217,KONKA,KDL40WE680AN,New Zealand,100.332,LCD (LED),44.99,175,Available,5,100
151170,BAUHN,ATV75UHDT-0423,"Australia,Fiji,New Zealand",189.219,LCD,108.1,480,Available,6,189
151169,BAUHN,ATV50UHDT-0323,"Australia,Fiji,New Zealand",125.727,LCD,56.7,225,Available,6,126
151145,SHARP,4T-C60DL1X,"Australia,Fiji,New Zealand",152.663,LCD (LED),137,504,Available,4,153
151088,FFALCON,FF55RU62,"Australia,Fiji,New Zealand",138.711,LCD (LED),41.8,190,Available,7,139
151012,BLAUPUNKT,BP500USG9700,"Australia,New Zealand",138.783,LCD (LED),86.04,332,Available,5,139
151009,LOEWE,BILD i48,"Australia,New Zealand",120.713,OLED,74.4,274,Available,4.5,121
151008,LOEWE,BILD i55,"Australia,New Zealand",138.798,OLED,96.5,354,Available,4.5,139
151007,LOEWE,BILD i65,"Australia,New Zealand",163.857,OLED,114,418,Available,5,164
150989,KONKA,KUD50WT702AN,New Zealand,125.731,LCD,71.99,267,Available,5,126
150987,KONKA,KUD55WT702AN,New Zealand,138.783,LCD (LED),86.54,320,Available,5,139
150977,BLAUPUNKT,BP58WOS,"Australia,New Zealand",146.068,LCD (LED),105.156,405,Available,4.5,146
150972,LINSAR,LS75UHDNF,"Australia,Fiji,New Zealand",189.306,LCD (LED),127.7,469,Available,6,189
150970,KODAK,KD55WOS2,"Australia,Fiji,New Zealand",138.783,LCD,69.64,256,Available,6,139
150952,BLAUPUNKT,BP430FSG9700C,"Australia,Fiji,New Zealand",107.863,LCD,54.04,199,Available,5,108
150951,EKO,K43FSG11,"Australia,Fiji,New Zealand",107.863,LCD,54.04,199,Available,5,108
150949,BLAUPUNKT,BP430FSG9700,"Australia,Fiji,New Zealand",107.863,LCD,54.04,199,Available,5,108
150947,SHARP,4T-C70DL1X,"Australia,Fiji,New Zealand",176.563,LCD (LED),123.94,457,Available,5.5,177
150946,SHARP,4T-C50DK1X,"Australia,Fiji,New Zealand",125.727,LCD (LED),84.4,312,Available,4.5,126
150945,SHARP,2T-C42EG1X,"Australia,Fiji,New Zealand",105.415,LCD (LED),53,197,Available,5,105
150943,SHARP,2T-C32EG1X,"Australia,Fiji,New Zealand",80.043,LCD (LED),29.15,110,Available,5.5,80
150911,POLAROID,PL6521UHDG,"Australia,Fiji,New Zealand",163.132,LCD,94.65,348,Available,6,163
150908,AKAI,AK3221S6WOS,"Australia,Fiji,New Zealand",80.043,LCD,23.8,89,Available,6,80
150826,SONY,XR-77A80L,"Australia,New Zealand",194.726,OLED,169.7,629,Available,5,195
150816,KOGAN,KALED43RF9820STE,"Australia,Fiji,New Zealand",107.863,LCD (LED),55,203,Available,5,108
150699,AKAI,AK5022S7TZN,"Australia,Fiji,New Zealand",125.727,LCD,56.7,225,Available,6,126
150691,TEAC,LEV24A422,Australia,80.039,LCD (LED),33.3,124,Available,5,80
150674,KOGAN,KALED42RF7510SP*,Australia,105.415,LCD (LED),44.2,180,Available,5.5,105
150668,ALTIUS,AT32HDW-BCF,"Australia,Fiji,New Zealand",80.054,LCD,23.5,90,Available,6,80
150667,KODAK,KD32WOS2,"Australia,Fiji,New Zealand",80.054,LCD,23.5,90,Available,6,80
150666,ALTIUS,AT24HDW-BCF,"Australia,Fiji,New Zealand",59.774,LCD,15.1,66,Available,6,60
150656,LG,32LN340CBSD,"Australia,New Zealand",80.043,LCD (LED),33,123,Available,5,80
150648,POLAROID,PL55M4G11,"Australia,Fiji,New Zealand",138.412,LCD,68.98,254,Available,6,138
150642,LINSAR,LSK43WSFW,"Australia,Fiji,New Zealand",107.956,LCD,44.6,172,Available,6,108
150641,VEON,VN32ID70,New Zealand,80.054,LCD (LED),31.78,118,Available,5,80
150632,MONSTER,MT32HDW-LT22,"Australia,Fiji,New Zealand",80.054,LCD,23.5,90,Available,6,80
150615,MONSTER,MT24HDW-LT22,"Australia,Fiji,New Zealand",59.774,LCD (LED),15.1,66,Available,6,60
150585,KOGAN,KAQLED50XQ98JSTD,"Australia,Fiji,New Zealand",125.638,LCD (LED),104,382,Available,3.5,126
150560,AKAI,AK7522S7TZN,"Australia,Fiji,New Zealand",189.219,LCD,108.1,480,Available,6,189
150555,TEAC,LEV24A423,Australia,59.824,LCD (LED),22.2,83,Available,5,60
150544,LINSAR,LS55UHDZEN,"Australia,Fiji,New Zealand",138.783,LCD,68.5,272,Available,6,139
150543,LINSAR,LS50UHDZEN,"Australia,Fiji,New Zealand",125.727,LCD,56.7,225,Available,6,126
150537,SONY,XR-65A80L,"Australia,New Zealand",163.878,OLED,121.1,451,Available,5,164
150534,SONY,XR-55A80L,"Australia,New Zealand",138.798,OLED,103.7,387,Available,4,139
150505,AKAI,AK2423S7WOS,"Australia,Fiji,New Zealand",59.774,LCD (LED),15.1,60,Available,6,60
150503,DGTEC,DG65UHDOS,"Australia,Fiji,New Zealand",163.896,LCD (LED),95.274,367,Available,6,164
150481,POLAROID,PL3221HDC,"Australia,Fiji,New Zealand",80.043,LCD,27.1,102,Available,6,80
150479,ENGLAON,"LED24X70, LED24X90",Australia,61.928,LCD (LED),25.84,102,Available,4.5,62
150478,ENGLAON,LED24M30,Australia,60.542,LCD (LED),29.05,108,Available,4,61
150477,KOGAN,KALED65XU9220STF,"Australia,Fiji,New Zealand",163.829,LCD (LED),110,404,Available,5.5,164
150476,KOGAN,KAQLED55XQ98JSTD,"Australia,Fiji,New Zealand",138.711,LCD (LED),92,339,Available,5,139
150475,KOGAN,KAQLED75XQ98JSTD,"Australia,Fiji,New Zealand",189.306,LCD (LED),182,667,Available,4.5,189
150474,KOGAN,KAQLED65XQ98JSTD,"Australia,Fiji,New Zealand",163.829,LCD (LED),158,579,Available,4,164
150434,KOGAN,KALED50RN9220STD,"Australia,Fiji,New Zealand",125.638,LCD (LED),75,277,Available,5,126
150366,KODAK,KD40WOS2,"Australia,Fiji,New Zealand",100.217,LCD,39.9,150,Available,6,100
150365,SONY,KD-65X80L,"Australia,New Zealand",163.878,LCD (LED),147.6,544,Available,4,164
150364,SONY,KD-55X80L,"Australia,New Zealand",138.798,LCD (LED),126.2,467,Available,3.5,139
150329,TEAC,LED*2422DT,"Fiji,New Zealand",59.809,LCD (LED),19.6,90,Available,4.5,60
150327,JVC,LT-55NQ7105A11,Australia,138.783,LCD,72.4,330,Available,5,139
150326,AKAI,AK6522S7TZN,"Australia,Fiji,New Zealand",163.878,LCD,96.3,370,Available,6,164
150300,EKO,K55USW,"Australia,New Zealand",138.783,LCD (LED),82.938,323,Available,5,139
150298,BAUHN,ATV43UHDT-0123,"Australia,Fiji,New Zealand",107.987,LCD (LED),45.5,170,Available,6,108
150270,KOGAN,KAQLED85XQ98JSTD,"Australia,Fiji,New Zealand",214.783,LCD (LED),266,974,Available,4,215
150268,AKAI,AK4022S7WOS,"Australia,Fiji,New Zealand",100.217,LCD,39.9,150,Available,6,100
150263,LINSAR,LS85UHDZEN,"Australia,Fiji,New Zealand",214.783,LCD,159,610,Available,6,215
150216,BAUHN,ATV60UHDW-1122,"Australia,Fiji,New Zealand",152.444,LCD,80.7,296,Available,6,152
150165,KOGAN,KALED70TX9520SKA,"Australia,Fiji,New Zealand",176.539,LCD (LED),144.2,580,Available,4.5,177
150155,JVC,LT-32N3135A,Australia,80.039,LCD (LED),24.687,110,Available,5.5,80
150136,VEON,VN50ID7022,New Zealand,125.736,LCD (LED),82.7,345,Available,4,126
150091,JVC,LT-50NQ7115A11,Australia,125.093,LCD,60.73,253,Available,5,125
150089,JVC,AV-HQ507115A11,Australia,126.112,LCD,101.98,374,Available,3.5,126
150017,KOGAN,KALED58TU9420SKA,"Australia,Fiji,New Zealand",146.092,LCD (LED),106.2,410,Available,4.5,146
149933,EKO,K400DVD,"Australia,Fiji,New Zealand",100.332,LCD,47.02,175,Available,5,100
149842,EKO,K55USW,"Australia,New Zealand",138.783,LCD (LED),84.048,324,Available,5,139
149841,JVC,LT-75N7125A11,Australia,188.424,LCD,221.6,811,Available,3.5,188
149839,EKO,K700USG,Australia,176.538,LCD,189.9,695,Available,3.5,177
149838,EKO,K70USW,Australia,176.538,LCD,171.7,630,Available,4,177
149834,EKO,K40FSW,Australia,100.332,LCD,40.38,151,Available,6,100
149832,LINSAR,LS65UHDZEN,"Australia,Fiji,New Zealand",163.878,LCD,96.3,360,Available,6,164
149831,BLAUPUNKT,BP750USG9700,Australia,189.34,LCD,259.3,949,Available,3,189
149830,EKO,K750USG,Australia,189.34,LCD,259.3,949,Available,3,189
149824,LINSAR,LS75UHDZEN,"Australia,Fiji,New Zealand",189.219,LCD,108.1,480,Available,6,189
149776,JVC,JVG518622Q,New Zealand,217.24,LCD (LED),237.5,980,Available,4,217
149774,JVC,JVG3B7522Q,New Zealand,189.344,LCD (LED),175.4,650,Available,4.5,189
149770,JVC,JVG3B6522Q,New Zealand,163.829,LCD,114.8,460,Available,5,164
149766,JVC,JVG3B5522Q,New Zealand,138.526,LCD (LED),73.9,300,Available,5.5,139
149762,JVC,JVG3B5022Q,New Zealand,125.812,LCD (LED),74.7,318,Available,4.5,126
149731,EKO,K40FSW,"Australia,Fiji,New Zealand",100.332,LCD,40.38,151,Available,6,100
149697,TCL,58P635,"Australia,Fiji,New Zealand",146.039,LCD (LED),56.1,251,Available,6,146
149667,KOGAN,KALED32RH9510STA,"Australia,Fiji,New Zealand",79.967,LCD (LED),28,104,Available,6,80
149665,KOGAN,KALED75XU9420STA,"Australia,Fiji,New Zealand",189.306,LCD (LED),133,488,Available,6,189
149623,LINSAR,LSK32WSFW,"Australia,Fiji,New Zealand",80.038,LCD,28.2,105,Available,6,80
149585,EKO,K43FSG11,Australia,107.863,LCD,47.76,176,Available,5.5,108
149580,BLAUPUNKT,BP430FSG9700,Australia,107.863,LCD,47.76,176,Available,5.5,108
149571,ILUMA,"ILU-SMARTTV32-DVD, VK3201D, VK3202D; VK3203D, VK3204D, VK3205D","Australia,New Zealand",80.376,LCD,32.18,119,Available,5,80
149553,EKO,K240HSG,Australia,59.814,LCD (LED),25,105,Available,4,60
149533,BLAUPUNKT,BP240HSG9700,Australia,59.814,LCD (LED),25,105,Available,4,60
149504,BAUHN,ATV60UHDW-1023,Australia,152.444,LCD,80.7,296,Available,6,152
149482,LINSAR,LSK50WSFW,New Zealand,125.638,LCD,53.8,225,Available,6,126
149456,ILUMA,"ILU-SMARTTV24-DVD, VK2401D, VK2402D, VK2403D, VK2404D, VK2405D","Australia,New Zealand",60.493,LCD,30.28,112,Available,3.5,60
149443,KONIC,KKD43SG396A,New Zealand,107.953,LCD (LED),46.6632,181,Available,5.5,108
149438,LG,86UQ901C0SD,"Australia,New Zealand",217.425,LCD (LED),250,915,Available,4,217
149437,LG,75UQ901C0SD,"Australia,New Zealand",189.275,LCD (LED),165,605,Available,5,189
149436,LG,65UQ901C0SD,"Australia,New Zealand",163.897,LCD (LED),148,543,Available,4,164
149435,LG,55UQ901C0SD,"Australia,New Zealand",138.783,LCD (LED),114,419,Available,4,139
149434,LG,50UQ901C0SD,"Australia,New Zealand",125.727,LCD (LED),90,331,Available,4,126
149433,LG,43UQ901C0SD,"Australia,New Zealand",107.987,LCD (LED),75,276,Available,3.5,108
149426,TCL,55RP630,"Australia,Fiji,New Zealand",138.711,LCD (LED),41.8,190,Available,7,139
149425,TCL,65RP630,"Australia,Fiji,New Zealand",163.829,LCD (LED),49.7,220,Available,8,164
149423,KOGAN,KAOLED65X2SKA,"Australia,Fiji,New Zealand",164.249,OLED,113.4,586,Available,4,164
149422,KOGAN,KAOLED55X2SKA,"Australia,Fiji,New Zealand",138.554,OLED,90.1,424,Available,4,139
149418,LINSAR,LSK55WSFW,"Australia,Fiji,New Zealand",138.783,LCD,62.5,272,Available,6,139
149387,VEON,VNG22F6522,New Zealand,163.829,LCD (LED),128.1,520,Available,4.5,164
149386,VEON,VNG22F7522,New Zealand,189.344,LCD (LED),175.6,650,Available,4.5,189
149339,FURRION,FDFD24D4D,"Australia,Fiji,New Zealand",60.47,LCD,31.98,120,Available,3.5,60
149327,ENGLAON,Smart LED TV,Australia,80.784,LCD (LED),38.46,148,Available,4.5,81
149326,LINSAR,LS82UHDNF2,"Australia,Fiji,New Zealand",207.217,LCD,170.6,630,Available,5.5,207
149267,BLAUPUNKT,BP85WOS,Australia,214.783,LCD,203.32,743,Available,5,215
149255,HISENSE,98U7H series,"Australia,New Zealand",247.695,LCD (LED),256.93,1028,Available,5,248
149246,HISENSE,65X9HAU,"Australia,New Zealand",163.896,OLED,108.3,459,Available,5,164
149245,HISENSE,55X8HAU,"Australia,New Zealand",138.783,OLED,78.58,319,Available,5,139
149244,HISENSE,65X8HAU,"Australia,New Zealand",163.896,OLED,92.33,369,Available,6,164
149243,HISENSE,75U80HAU,"Australia,New Zealand",189.274,LCD (LED),243.11,955,Available,3,189
149241,HISENSE,65U9HAU,"Australia,New Zealand",163.896,LCD (LED),168.67,649,Available,3.5,164
149209,EKO,K500USG,Australia,125.251,LCD,102.36,376,Available,3.5,125
149174,BLAUPUNKT,BP750USG9700,Australia,188.424,LCD,221.6,811,Available,3.5,188
149170,EKO,K400DVD,Australia,100.332,LCD,47.02,175,Available,5,100
149165,METZ,65MXD9500N,New Zealand,164.249,OLED,113.4,586,Available,4,164
149164,METZ,55MXD9500N,New Zealand,138.554,OLED,90.1,424,Available,4,139
149055,ENGLAON,Smart LED TV,Australia,100.722,LCD (LED),36.27,140,Available,6,101
149039,VEON,VNG22F5522,New Zealand,138.711,LCD,94.8,350,Available,4.5,139
149035,VEON,VNG22F5022,New Zealand,125.812,LCD (LED),72.1,280,Available,5,126
149034,LG,65AN960H0SD,"Australia,New Zealand",163.897,OLED,87,320,Available,6,164
149033,LG,55AN960H0SD,"Australia,New Zealand",138.783,OLED,70,258,Available,6,139
149024,BLAUPUNKT,BP650USG9700,Australia,163.132,LCD,124.968,512,Available,4.5,163
149021,KOGAN,KALED55RT9230SVA,"Australia,Fiji,New Zealand",138.783,LCD (LED),53.64,247,Available,6,139
149014,EKO,K75USW,Australia,189.34,LCD,228.91,840,Available,3.5,189
149013,EKO,K65USW,Australia,163.896,LCD,111.39,409,Available,5.5,164
149006,EKO,K55USW,Australia,138.783,LCD,96.06,353,Available,4.5,139
148995,EKO,K550USG,Australia,138.798,LCD,93.324,380,Available,4.5,139
148994,EKO,K650USG,Australia,163.132,LCD,124.968,512,Available,4.5,163
148902,CHIQ,L32D6C,"Australia,Fiji,New Zealand",79.967,LCD (LED),30,112,Available,5.5,80
148837,EKO,K320HSG,Australia,80.139,LCD,31.9,118,Available,5.5,80
148834,BLAUPUNKT,BP320HSG9700,Australia,80.139,LCD,31.9,118,Available,5.5,80
148787,BLAUPUNKT,BP400FSG9700,Australia,100.791,LCD,50.5,186,Available,5,101
148780,AKAI,AK5021S6WOS,"Australia,Fiji,New Zealand",125.725,LCD (LED),59.7,220,Available,6,126
148774,LINSAR,LS98UHDNF,"Australia,Fiji,New Zealand",247.695,LCD,214.416,823,Available,6,248
148739,ARK,H24,New Zealand,59.736,LCD,14,53,Available,7,60
148709,SVISION,SC32HSG,Australia,80.029,LCD (LED),34.4,151,Available,4,80
148700,JVC,AV-H437115A11,"Australia,Fiji",107.912,LCD,73,269,Available,4,108
148696,JVC,NA,"Australia,Fiji",138.412,LCD,102,375,Available,4.5,138
148694,JVC,NA,"Australia,Fiji",163.132,LCD,124.968,512,Available,4.5,163
148693,JVC,LT-40N5115A11,Australia,100.791,LCD,36.7,186,Available,5,101
148691,JVC,NA,"Australia,Fiji",80.139,LCD,31.9,118,Available,5.5,80
148621,DECAMAX,WY55F1F-EU,New Zealand,138.666,LCD (LED),106.68,430,Available,3.5,139
148618,SMARTTECH,SMT-F40T1,"Australia,Fiji,New Zealand",100.305,LCD (LED),35.9,151,Available,6,100
148615,HISENSE,65U8H series,"Australia,New Zealand",163.896,LCD (LED),159.55,638,Available,3.5,164
148614,HISENSE,55U8H series,"Australia,New Zealand",138.783,LCD (LED),115.84,476,Available,3.5,139
148613,SMARTTECH,SMT-H32T1,"Australia,Fiji,New Zealand",79.967,LCD (LED),25.8,110,Available,5.5,80
148597,BLAUPUNKT,BP550USG9700,Australia,138.798,LCD,93.324,380,Available,4.5,139
148595,BAUHN,ATV70UHDT-1022,"Australia,Fiji,New Zealand",176.545,LCD,97.8,420,Available,6,177
148581,SPHERE,S8LED238S,"Australia,New Zealand",60.47,LCD (LED),26.67,100,Available,4,60
148579,SPHERE,S8LED215 series,"Australia,New Zealand",54.687,LCD (LED),24.81,93,Available,4,55
148569,SIGNIFY,EA2277,"Australia,New Zealand",138.783,LCD (LED),98.268,378,Available,4.5,139
148553,SPHERE,S8LED185S,"Australia,New Zealand",46.995,LCD (LED),17.74,67,Available,4.5,47
148505,LG,OLED97G26LA,"Australia,New Zealand",245.145,OLED,219,802,Available,6,245
148504,LG,OLED97G2PSA,"Australia,New Zealand",245.145,OLED,219,802,Available,6,245
148496,KOGAN,KALED24DH5200VA,"Australia,New Zealand",59.824,LCD (LED),17.1498,70,Available,5.5,60
148494,KOGAN,KALED32QH6200VA,"Australia,New Zealand",80.039,LCD (LED),26.4498,110,Available,5.5,80
148475,SMARTTECH,SMT-U65T1,"Australia,Fiji,New Zealand",163.896,LCD (LED),99.95,386,Available,5.5,164
148468,SMARTTECH,SMT-U55T1,"Australia,Fiji,New Zealand",138.783,LCD (LED),53.64,247,Available,6,139
148437,SMARTTECH,SMT-U50T1,"Australia,Fiji,New Zealand",125.731,LCD (LED),50.6,210,Available,6,126
148379,PHILIPS,65OLED935/79,New Zealand,163.871,OLED,251.06,1011,Available,1.5,164
148378,PHILIPS,55OLED935/79,New Zealand,138.798,OLED,205.62,829,Available,1,139
148363,BAUHN,ATV65UHDT-0922,"Australia,Fiji,New Zealand",163.878,LCD (LED),96.3,360,Available,6,164
148318,PHILIPS,70PUT7906/75,New Zealand,176.566,LCD (LED),146.3,589,Available,4.5,177
148317,PHILIPS,65PUT7906/75,New Zealand,163.897,LCD (LED),128.4,518,Available,4.5,164
148316,PHILIPS,65PML9506/75,New Zealand,163.897,LCD (LED),180,725,Available,3,164
148309,PHILIPS,55PUT7906/75,New Zealand,138.783,LCD (LED),105.46,426,Available,4,139
148284,EKO,K32DVD,Australia,80.043,LCD,35.2,131,Available,5,80
148264,JVC,JV55ID7A2022Q,New Zealand,138.798,LCD (LED),100.2,400,Available,4,139
148262,LG,75QNED7SSQA,"Australia,New Zealand",189.275,LCD (LED),130,477,Available,6,189
148261,LG,65QNED7SSQA,"Australia,New Zealand",163.897,LCD (LED),114,419,Available,5,164
148260,LG,55QNED7SSQA,"Australia,New Zealand",138.783,LCD (LED),94,346,Available,4.5,139
148259,LG,50QNED7SSQA,"Australia,New Zealand",125.727,LCD (LED),73,269,Available,5,126
148258,LG,42LX3QPSA,"Australia,New Zealand",105.52,OLED,63,232,Available,4.5,106
148257,LG,42LX3Q6LA,"Australia,New Zealand",105.52,OLED,63,232,Available,4.5,106
148256,LG,OLED77CSPSA,"Australia,New Zealand",194.738,OLED,156,572,Available,5.5,195
148255,LG,OLED77CS6LA,"Australia,New Zealand",194.738,OLED,156,572,Available,5.5,195
148254,LG,OLED65CSPSA,"Australia,New Zealand",163.897,OLED,126,462,Available,5,164
148253,LG,OLED65CS6LA,"Australia,New Zealand",163.897,OLED,126,462,Available,5,164
148252,LG,OLED55CSPSA,"Australia,New Zealand",138.783,OLED,102,375,Available,4.5,139
148251,LG,OLED55CS6LA,"Australia,New Zealand",138.783,OLED,102,375,Available,4.5,139
148246,KOGAN,KALED40GF7600VA,"Australia,Fiji,New Zealand",100.332,LCD (LED),34.7106,151,Available,6,100
148240,PHILIPS,43PFT6915/79,New Zealand,107.942,LCD (LED),50.44,206,Available,5,108
148197,PANASONIC,TH-55LX800Z,New Zealand,138.798,LCD (LED),97.96,380,Available,4.5,139
148164,SAMSUNG ELECTRONICS,HG75Q60BAAW,"Australia,Fiji,New Zealand",189.338,LCD (LED),183,671,Available,4.5,189
148163,SAMSUNG ELECTRONICS,HG65Q60BAAW,"Australia,Fiji,New Zealand",163.897,LCD (LED),117,430,Available,5,164
148162,SAMSUNG ELECTRONICS,HG55Q60BAAW,"Australia,Fiji,New Zealand",138.783,LCD (LED),87,321,Available,5,139
148160,SAMSUNG ELECTRONICS,HG50Q60BAAW,"Australia,Fiji,New Zealand",125.727,LCD (LED),80,295,Available,4.5,126
148158,SAMSUNG ELECTRONICS,HG43Q60BAAW,"Australia,Fiji,New Zealand",107.987,LCD (LED),70,259,Available,4,108
148096,SAMSUNG ELECTRONICS,QA98QN100B*,"Australia,Fiji,New Zealand",247.702,LCD (LED),438,1602,Available,3,248
148090,HISENSE,40A4HAU,"Australia,New Zealand",100.332,LCD (LED),32.9,135,Available,6,100
148089,HISENSE,32A4HAU,"Australia,New Zealand",80.04,LCD (LED),25.32,104,Available,6,80
148086,HISENSE,85U7H series,"Australia,New Zealand",214.783,LCD (LED),214.94,868,Available,4.5,215
148085,HISENSE,75U7H series,"Australia,New Zealand",189.274,LCD (LED),148.69,599,Available,5,189
148084,HISENSE,65U7H series,"Australia,New Zealand",163.896,LCD (LED),115.68,464,Available,5,164
148083,HISENSE,55U7H series,"Australia,New Zealand",138.783,LCD (LED),92.3,380,Available,4.5,139
148082,BLAUPUNKT,BP420FSG9700,Australia,105.407,LCD (LED),43.9,163,Available,6,105
148080,BLAUPUNKT,BP550USG9700,Australia,138.783,LCD (LED),91,335,Available,5,139
148077,BLAUPUNKT,BP860USG9700,Australia,217.421,LCD (LED),270,988,Available,4,217
148071,BLAUPUNKT,BP650USG9700,Australia,163.897,LCD (LED),109,400,Available,5.5,164
148038,BAUHN,ATV75UHDW-0622,"Australia,Fiji,New Zealand",189.306,LCD (LED),127.7,469,Available,6,189
147946,PHILIPS,32PHT6915/79,New Zealand,80.054,LCD (LED),35.47,146,Available,4.5,80
147927,TCL,75C935,"Australia,Fiji,New Zealand",189.306,LCD (LED),201,810,Available,3.5,189
147926,TCL,65C935,"Australia,Fiji,New Zealand",163.829,LCD (LED),171.2,689,Available,3,164
147727,BAUHN,ATV40FHDG-0822,"Australia,Fiji,New Zealand",100.305,LCD (LED),40,148,Available,6,100
147716,CAIXUN,LE-43V3,"Australia,Fiji,New Zealand",107.95,LCD (LED),39.5,162,Available,6,108
147713,CAIXUN,LE-42V3,"Australia,Fiji,New Zealand",105.348,LCD (LED),38.3,159,Available,6,105
147711,LG,75UR765H0VC,"Australia,New Zealand",189.275,LCD (LED),140,514,Available,5.5,189
147710,LG,65UR765H0VC,"Australia,New Zealand",163.897,LCD (LED),115,422,Available,5,164
147709,LG,55UR765H0VC,"Australia,New Zealand",138.783,LCD (LED),80,295,Available,5.5,139
147707,CAIXUN,LE-40V3,"Australia,Fiji,New Zealand",100.305,LCD (LED),35.9,151,Available,6,100
147706,LG,50UR765H0VC,"Australia,New Zealand",125.727,LCD (LED),78,287,Available,4.5,126
147705,CAIXUN,LE-39V3,"Australia,Fiji,New Zealand",97.401,LCD (LED),32,138,Available,6,97
147703,TEAC,LE32GA322,"Australia,Fiji,New Zealand",79.967,LCD (LED),25.8,110,Available,5.5,80
147582,POLAROID,PL3222HDG,"Australia,Fiji,New Zealand",80.997,LCD,23.798,103,Available,6,81
147551,KONIC,KUD85SG692AS,New Zealand,214.783,LCD (LED),200.76,766,Available,5,215
147512,KOGAN,KALED50XU9220STE,"Australia,Fiji,New Zealand",125.638,LCD (LED),77,284,Available,5,126
147405,PANASONIC,TH-75LX800Z,New Zealand,189.306,LCD (LED),160.49,610,Available,5,189
147404,PANASONIC,TH-65LX800Z,New Zealand,163.867,LCD (LED),120.81,450,Available,5,164
147403,PANASONIC,TH-55LX800Z,New Zealand,138.798,LCD (LED),159.72,590,Available,2.5,139
147402,PANASONIC,TH-50LX800Z,New Zealand,125.676,LCD (LED),80.28,310,Available,4.5,126
147401,PANASONIC,TH-43LX800Z,New Zealand,108.124,LCD (LED),56,215,Available,5,108
147400,PANASONIC,TH-75LX650Z,New Zealand,189.306,LCD (LED),118.27,435,Available,6,189
147399,PANASONIC,TH-55LX650Z,New Zealand,138.798,LCD (LED),77.67,330,Available,5,139
147398,PANASONIC,TH-65LX650Z,New Zealand,163.867,LCD (LED),93.65,365,Available,6,164
147396,PANASONIC,TH-50LX650Z,New Zealand,125.676,LCD (LED),64.17,270,Available,5,126
147395,PANASONIC,TH-43LX650Z,New Zealand,108.124,LCD (LED),56,215,Available,5,108
147329,PRISM+,Q65 PRO QE,Australia,163.896,LCD (LED),93.43,400,Available,5.5,164
147283,LINSAR,LS60UHDNF,"Australia,Fiji,New Zealand",152.678,LCD,85.3,320,Available,6,153
147239,CAIXUN,LE-24V3,"Australia,Fiji,New Zealand",59.774,LCD (LED),16.3,70,Available,5.5,60
147190,LG,55LX1QPSA,"Australia,New Zealand",138.783,OLED,95,349,Available,4.5,139
147189,LG,55LX1Q6LA,"Australia,New Zealand",138.783,OLED,95,349,Available,4.5,139
147188,LG,48LX1QPSA,"Australia,New Zealand",120.721,OLED,77,284,Available,4.5,121
147187,LG,48LX1Q6LA,"Australia,New Zealand",120.721,OLED,77,284,Available,4.5,121
147186,LG,42LX1QPSA,"Australia,New Zealand",105.52,OLED,63,232,Available,4.5,106
147185,LG,42LX1Q6LA,"Australia,New Zealand",105.52,OLED,63,232,Available,4.5,106
147184,LG,75UQ801C0LB,"Australia,New Zealand",189.275,LCD (LED),165,605,Available,5,189
147183,LG,65UQ751C0LF,"Australia,New Zealand",163.897,LCD (LED),145,532,Available,4,164
147182,LG,55UQ751C0LF,"Australia,New Zealand",138.783,LCD (LED),114,419,Available,4,139
147181,LG,50UQ751C0LF,"Australia,New Zealand",125.727,LCD (LED),93,342,Available,4,126
147180,LG,43UQ751C0LF,"Australia,New Zealand",107.987,LCD (LED),77,284,Available,3.5,108
147139,PHILIPS,55PUT8217/75,"Australia,Fiji,New Zealand",138.798,LCD (LED),72.57,293,Available,5.5,139
147110,BLAUPUNKT,BP4000HDV7100,Australia,100.333,LCD,49.1,181,Available,5,100
147095,TCL,85C735,"Australia,Fiji,New Zealand",214.783,LCD (LED),223.7,941,Available,4,215
147093,TCL,85P735,"Australia,Fiji,New Zealand",214.783,LCD (LED),180.5,728,Available,5,215
147091,PHILIPS,75PUT8507/75,"Australia,Fiji,New Zealand",189.306,LCD (LED),127.69,537,Available,5.5,189
147089,PHILIPS,50PUT8217/75,"Australia,Fiji",125.725,LCD (LED),61.3,248,Available,5.5,126
147084,TOSHIBA,65C350LP,"Australia,New Zealand",163.896,LCD (LED),82.49,333,Available,6,164
147081,TOSHIBA,55C350LP,"Australia,New Zealand",138.783,LCD (LED),63.89,269,Available,6,139
147080,TOSHIBA,50C350LP,"Australia,New Zealand",125.731,LCD (LED),67.75,269,Available,5,126
147072,TOSHIBA,43C350LP,"Australia,New Zealand",107.986,LCD (LED),51.12,214,Available,5,108
147071,HISENSE,58A6HAU,"Australia,New Zealand",146.068,LCD (LED),79.33,335,Available,5.5,146
147053,SAMSUNG ELECTRONICS,HG75BU800AW,"Australia,Fiji,New Zealand",189.338,LCD (LED),157,576,Available,5,189
147023,SAMSUNG ELECTRONICS,HG65BU800AW,"Australia,Fiji,New Zealand",163.897,LCD (LED),119,437,Available,5,164
147021,SAMSUNG ELECTRONICS,HG43BU800AW,"Australia,Fiji,New Zealand",107.987,LCD (LED),73,270,Available,4,108
147015,PHILIPS,55PUT8507/75,"Australia,Fiji,New Zealand",138.798,LCD (LED),94.43,381,Available,4.5,139
147006,SAMSUNG ELECTRONICS,HG55BU800AW,"Australia,Fiji,New Zealand",138.783,LCD (LED),113,416,Available,4,139
147005,SAMSUNG ELECTRONICS,HG50BU800AW,"Australia,Fiji,New Zealand",125.727,LCD (LED),94,346,Available,4,126
146941,EKO,K65DVAQ,Australia,163.644,LCD,198,725,Available,3,164
146934,BLAUPUNKT,BP3200HDV7100,Australia,80.043,LCD (LED),35.4,131,Available,5,80
146894,HISENSE,50A6HAU,"Australia,New Zealand",125.731,LCD (LED),59.47,254,Available,5.5,126
146866,EKO,K58USG,Australia,146.059,LCD (LED),126,465,Available,4,146
146853,BLAUPUNKT,BP550USG9800,Australia,138.798,LCD,93.324,380,Available,4.5,139
146846,EKO,K32FSG11,Australia,79.831,LCD,31.814,130,Available,5,80
146844,EKO,K55DVAQ,Australia,138.613,LCD,76.044,380,Available,4.5,139
146768,BLAUPUNKT,BP750USG9300,Australia,189.266,LCD,188.97,692,Available,4,189
146761,WALTON,43D210G_AU,"Australia,Fiji,New Zealand",107.956,LCD (LED),35.97,138,Available,7,108
146760,WALTON,40RG_AU,"Australia,Fiji,New Zealand",100.333,LCD (LED),35.18,135,Available,6,100
146754,WALTON,32D120G_AU,"Australia,Fiji,New Zealand",80.039,LCD (LED),29.57,115,Available,5.5,80
146746,TOSHIBA,75C350LP,"Australia,New Zealand",189.274,LCD (LED),114.36,489,Available,6,189
146715,PHILIPS,50PUT8507/75,"Australia,Fiji,New Zealand",125.725,LCD (LED),81.32,329,Available,4,126
146714,PHILIPS,65PUT8507/75,"Australia,Fiji,New Zealand",163.897,LCD (LED),116.25,469,Available,4.5,164
146564,BAUHN,ATV32HDG-0722,Australia,79.967,LCD (LED),28,104,Available,6,80
146562,BAUHN,ATV55UHDQ-0722,Australia,138.711,LCD,83,305,Available,5.5,139
146559,CHIQ,U65G7P,"Australia,Fiji,New Zealand",163.829,LCD (LED),138,506,Available,4.5,164
146557,CHIQ,U43G7P,"Australia,Fiji,New Zealand",107.863,LCD (LED),65,240,Available,4.5,108
146556,CHIQ,L40G7P,"Australia,Fiji,New Zealand",100.305,LCD (LED),51,189,Available,5,100
146540,PANASONIC,TH-77LZ2000Z,New Zealand,194.712,OLED,187,687,Available,4.5,195
146539,PANASONIC,TH-65LZ2000Z,New Zealand,163.853,OLED,133,490,Available,4.5,164
146538,PANASONIC,TH-55LZ2000Z,New Zealand,138.818,OLED,107,395,Available,4,139
146535,PANASONIC,TH-65LZ1500Z,New Zealand,163.853,OLED,121,446,Available,5,164
146534,PANASONIC,TH-55LZ1500Z,New Zealand,138.818,OLED,95,351,Available,4.5,139
146533,PANASONIC,TH-65LZ980Z,New Zealand,163.853,OLED,125,460,Available,5,164
146532,PANASONIC,TH-55LZ980Z,New Zealand,138.818,OLED,96,354,Available,4.5,139
146531,LSP TV,Prison TV,Australia,48.313,LCD (LED),16.1569,60,Available,5,48
146510,PANASONIC,TH-48LZ980Z,New Zealand,120.703,OLED,77,285,Available,4.5,121
146505,LINSAR,LS24C12V,"Australia,Fiji,New Zealand",62.228,LCD,15.85,67,Available,6,62
146470,CHIQ,U65QM8V,"Australia,Fiji,New Zealand",163.896,LCD (LED),156,572,Available,4,164
146469,CHIQ,U55QM8V,"Australia,Fiji,New Zealand",138.798,LCD (LED),113,415,Available,4,139
146468,CHIQ,U55G7P,"Australia,Fiji,New Zealand",138.886,LCD (LED),95,349,Available,4.5,139
146467,CHIQ,U50G7P,"Australia,Fiji,New Zealand",125.725,LCD (LED),72,265,Available,5,126
146462,PRISM+,Q55 PRO QE,Australia,138.711,LCD (LED),102.1,424,Available,4,139
146314,SAMSUNG ELECTRONICS,QA55S95BAW,"Australia,Fiji,New Zealand",138.783,LCD (LED),142,521,Available,3,139
146179,BAUHN,ATV70UHDW-0422,Australia,176.592,LCD,107.4,395,Available,6,177
146153,BLAUPUNKT,BP400FSG9700,Australia,100.328,LCD (LED),32.8,141,Available,6,100
146152,EKO,K400FSG,Australia,100.328,LCD (LED),32.8,141,Available,6,100
146151,BLAUPUNKT,BP320HSG9700,Australia,80.029,LCD (LED),34.4,151,Available,4,80
146150,EKO,K320HAT,Australia,80.029,LCD (LED),34.4,151,Available,4,80
146104,EKO,K240HAT,Australia,59.814,LCD (LED),27.3,110,Available,3.5,60
146100,EKO,K43FSG11,Australia,107.942,LCD (LED),51.8,216,Available,5,108
146006,LINSAR,LS50UHDNF,"Australia,Fiji,New Zealand",125.725,LCD,59.7,220,Available,6,126
145994,TCL,75C835,"Australia,Fiji,New Zealand",189.306,LCD (LED),281,1130,Available,2,189
145993,TCL,65C835,"Australia,Fiji,New Zealand",163.829,LCD (LED),175.3,726,Available,3,164
145990,TCL,55C835,"Australia,Fiji,New Zealand",138.711,LCD (LED),139.5,587,Available,2.5,139
145988,TCL,75C735,"Australia,Fiji,New Zealand",189.306,LCD (LED),165.5,665,Available,4.5,189
145987,TCL,65C735,"Australia,Fiji,New Zealand",163.829,LCD (LED),108.5,440,Available,5,164
145986,TCL,55C735,"Australia,Fiji,New Zealand",138.711,LCD (LED),74.3,320,Available,5,139
145910,EKO,K70USW,Australia,176.539,LCD,104.9,405,Available,6,177
145876,SAMSUNG ELECTRONICS,QA65S95BA*,"Australia,Fiji,New Zealand",163.897,LCD (LED),155,569,Available,4,164
145854,BAUHN,ATV50UHDW-0422,"Australia,Fiji,New Zealand",125.725,LCD,59.7,220,Available,6,126
145811,KOGAN,KALED24*,"Australia,Fiji,New Zealand",59.827,LCD (LED),22.3,83,Available,5,60
145780,KOGAN,KALED19PRIZC,"Australia,Fiji,New Zealand",47.013,LCD (LED),15.8694,62,Available,5,47
145730,LG,65ART90E,"Australia,New Zealand",163.897,OLED,126,462,Available,5,164
145723,KOGAN,KALED70*,"Australia,Fiji,New Zealand",176.537,LCD (LED),182.3,667,Available,4,177
145635,JVC,LT-50NQ7115A,"Australia,Fiji",125.589,LCD,86.3,354,Available,4,126
145568,VEON,VN32HD2021,New Zealand,80.103,LCD (LED),28,116,Available,5.5,80
145535,TCL,75C635,"Australia,Fiji,New Zealand",189.306,LCD (LED),119.8,527,Available,5.5,189
145534,TCL,65C635,"Australia,Fiji,New Zealand",163.829,LCD (LED),99,410,Available,5.5,164
145533,TCL,55C635,"Australia,Fiji,New Zealand",138.711,LCD (LED),75.2,320,Available,5,139
145532,TCL,50C635,"Australia,Fiji,New Zealand",125.638,LCD (LED),76,307,Available,4.5,126
145531,TCL,43C635,"Australia,Fiji,New Zealand",107.95,LCD (LED),53.5,218,Available,4.5,108
145513,VEON,VN65ID7021N,New Zealand,163.791,LCD (LED),134.4,580,Available,4,164
145467,JVC,LT-43N7125A,"Australia,Fiji",107.814,LCD,49.98,235,Available,4.5,108
145463,KONKA,KUD65WT806AN,New Zealand,163.896,LCD,137.7,505,Available,4.5,164
145414,EKO,K400DVD,Australia,100.332,LCD,41.95,155,Available,5.5,100
145386,CHIQ,L40G5W,"Australia,Fiji,New Zealand",100.305,LCD (LED),50,185,Available,5,100
145385,CHIQ,L32G5W,"Australia,Fiji,New Zealand",79.967,LCD (LED),35,131,Available,5,80
145384,CHIQ,L24G5W,"Australia,Fiji,New Zealand",59.774,LCD (LED),22,82,Available,5,60
145383,TEAC,LE55GA522,"Australia,Fiji,New Zealand",138.783,LCD (LED),53.64,247,Available,6,139
145374,TEAC,LE50GA522,"Australia,Fiji,New Zealand",125.731,LCD (LED),50.6,210,Available,6,126
145334,POLAROID,PL2421FHDC,"Australia,Fiji,New Zealand",59.774,LCD (LED),18,68,Available,6,60
145329,KOGAN,KALED24RH9310STA,"Australia,Fiji,New Zealand",59.774,LCD (LED),18,68,Available,6,60
145328,KOGAN,KALED58XU9230STA,"Australia,Fiji,New Zealand",146.039,LCD (LED),122,448,Available,4,146
145222,EKO,K650USG,Australia,163.896,LCD,137.3,505,Available,4.5,164
145221,EKO,K40FSW,Australia,100.332,LCD,68.2,252,Available,3.5,100
145126,AVEL INNOVATIONS,AVS325KS,Australia,80.103,LCD (LED),39.33,145,Available,4.5,80
145125,AVEL INNOVATIONS,AVS240KS,Australia,60.22,LCD (LED),24.37,91,Available,4.5,60
145052,SONY,XR-42A90K,"Australia,New Zealand",105.531,OLED,68,256,Available,4,106
144919,LG,86QNED866QA,"Australia,New Zealand",217.425,LCD (LED),206,754,Available,5,217
144918,LG,86QNED85SQA,"Australia,New Zealand",217.425,LCD (LED),206,754,Available,5,217
144917,LG,75QNED866QA,"Australia,New Zealand",189.275,LCD (LED),160,587,Available,5,189
144916,LG,75QNED85SQA,"Australia,New Zealand",189.275,LCD (LED),160,587,Available,5,189
144915,LG,65QNED866QA,"Australia,New Zealand",163.897,LCD (LED),132,484,Available,4.5,164
144914,LG,65QNED85SQA,"Australia,New Zealand",163.897,LCD (LED),132,484,Available,4.5,164
144913,LG,55QNED866QA,"Australia,New Zealand",138.783,LCD (LED),102,375,Available,4.5,139
144912,LG,55QNED85SQA,"Australia,New Zealand",138.783,LCD (LED),102,375,Available,4.5,139
144907,AVEL INNOVATIONS,AVS240WS,Australia,60.22,LCD (LED),24.01,90,Available,4.5,60
144891,SONY,KD-43X85K,"Australia,New Zealand",107.95,LCD (LED),76.9,286,Available,3.5,108
144853,KOGAN,KALED32RH9310STA,"Australia,Fiji,New Zealand",79.967,LCD (LED),28,104,Available,6,80
144851,KOGAN,KAQLED65XQ9610STB,"Australia,Fiji,New Zealand",163.829,LCD (LED),156,572,Available,4,164
144838,KOGAN,KALED75XU9220STA,"Australia,Fiji,New Zealand",189.306,LCD (LED),146,536,Available,5.5,189
144837,KOGAN,KALED50XU9220STD,"Australia,Fiji,New Zealand",125.638,LCD (LED),77,284,Available,5,126
144762,LINSAR,LS85UHDNF,Australia,214.783,LCD,159.1,600,Available,6,215
144741,AKAI,AK8521S6WOS,Australia,214.783,LCD,159.1,600,Available,6,215
144733,JVC,LT-65N7115AM,"Australia,Fiji",163.682,LCD (LED),93,370,Available,6,164
144727,JVC,LT-75N7125A,Australia,188.974,LCD (LED),189.3,758,Available,4,189
144723,JVC,LT-55NQ7105AT2,"Australia,Fiji",138.783,LCD (LED),63.94,320,Available,5,139
144704,SONY,KD-85X85K,"Australia,New Zealand",214.783,LCD (LED),237.7,875,Available,4,215
144703,SONY,KD-75X85K,"Australia,New Zealand",189.306,LCD (LED),224.4,826,Available,3.5,189
144702,SONY,KD-65X85K,"Australia,New Zealand",163.878,LCD (LED),179.5,661,Available,3,164
144699,SONY,KD-55X85K,"Australia,New Zealand",138.798,LCD (LED),136.6,504,Available,3,139
144696,SONY,KD-50X85K,"Australia,New Zealand",125.725,LCD (LED),93.6,347,Available,4,126
144694,SONY,XR-48A90K,"Australia,New Zealand",120.713,OLED,84,315,Available,4,121
144679,EKO,K55USW,Australia,138.798,LCD,100.9,385,Available,4,139
144674,POLAROID,PL3221HDC,"Australia,Fiji,New Zealand",80.054,LCD,26.7,99,Available,6,80
144632,BAUHN,ATV85UHDW-0322,Australia,214.783,LCD,159.1,600,Available,6,215
144615,CHIQ,L24D6C,"Australia,Fiji,New Zealand",59.774,LCD,20.2,82,Available,5,60
144613,LG,75UP751C0VC,"Australia,New Zealand",189.275,LCD (LED),171,627,Available,4.5,189
144612,LG,65UP751C0VG,"Australia,New Zealand",163.897,LCD (LED),145,532,Available,4,164
144611,LG,55UP751C0VG,"Australia,New Zealand",138.783,LCD (LED),115,422,Available,4,139
144600,JVC,LT-55N7115AM,"Australia,Fiji",138.886,LCD (LED),87.3,360,Available,4.5,139
144599,JVC,LT-40N5115AM,Australia,100.344,LCD (LED),35,151,Available,6,100
144569,TCL,55P735,"Australia,Fiji,New Zealand",138.711,LCD (LED),55.5,225,Available,6,139
144564,AKAI,AK4021S6WOS,"Australia,Fiji,New Zealand",100.305,LCD,35.3,131,Available,6,100
144561,DGTEC,DG5521WOS,"Australia,Fiji,New Zealand",138.798,LCD,69.6,256,Available,6,139
144499,PANASONIC,TH-65LX950Z,New Zealand,163.853,LCD (LED),87,321,Available,6,164
144497,PANASONIC,TH-55LX950Z,New Zealand,138.818,LCD (LED),81,299,Available,5.5,139
144495,PANASONIC,TH-75LX900Z,New Zealand,189.301,LCD (LED),140,515,Available,5.5,189
144494,PANASONIC,TH-65LX900Z,New Zealand,163.853,LCD (LED),87,321,Available,6,164
144488,PANASONIC,TH-55LX900Z,New Zealand,138.818,LCD (LED),77,285,Available,5.5,139
144480,PANASONIC,TH-49LX900Z,New Zealand,123.219,LCD (LED),75,278,Available,4.5,123
144436,KOGAN,KAQLED50XQ9610STA,"Australia,Fiji,New Zealand",125.638,LCD (LED),90,331,Available,4,126
144425,SAMSUNG ELECTRONICS,QA43LS05B**,"Australia,Fiji,New Zealand",107.987,LCD (LED),83,306,Available,3,108
144421,SAMSUNG ELECTRONICS,QA32LS03B**,"Australia,Fiji,New Zealand",80.008,LCD (LED),39,145,Available,4.5,80
144403,SONY,XR-65A95K,"Australia,New Zealand",163.878,OLED,136,507,Available,4.5,164
144397,LG,OLED83G26LA,"Australia,New Zealand",209.585,OLED,181,663,Available,5.5,210
144396,LG,OLED83G2PSA,"Australia,New Zealand",209.585,OLED,181,663,Available,5.5,210
144389,EKO,K700USG,Australia,177.538,LCD (LED),160,590,Available,4.5,178
144369,SONY,XR-85X95K,"Australia,New Zealand",214.783,LCD (LED),292,1076,Available,3.5,215
144368,SONY,XR-75X95K,"Australia,New Zealand",189.306,LCD (LED),242,894,Available,3,189
144366,SONY,XR-65X95K,"Australia,New Zealand",163.878,LCD (LED),226,835,Available,2,164
144365,EKO,K400FSG,Australia,100.305,LCD,35.8,151,Available,6,100
144362,BLAUPUNKT,BP4000F,Australia,100.332,LCD (LED),25.92,151,Available,6,100
144361,EKO,K40FSW,Australia,100.332,LCD (LED),36.32,151,Available,6,100
144353,EKO,K58USG,Australia,145.865,LCD,105.8,468,Available,4,146
144352,BLAUPUNKT,BP240HSG9200,Australia,59.774,LCD,22,84,Available,5,60
144351,EKO,K240HSG,Australia,59.774,LCD,22,84,Available,5,60
144350,EKO,K650USG,Australia,163.896,LCD (LED),137.7,520,Available,4.5,164
144343,POLAROID,PL5021WOS,"Australia,Fiji,New Zealand",125.774,LCD (LED),54.8,202,Available,6,126
144328,LG,86UQ91006LA,"Australia,New Zealand",217.425,LCD (LED),250,915,Available,4,217
144327,LG,75QNED966QA,"Australia,New Zealand",189.275,LCD (LED),172,630,Available,4.5,189
144325,LG,65QNED966QA,"Australia,New Zealand",163.897,LCD (LED),152,557,Available,4,164
144272,SONY,XR-55X90K,"Australia,New Zealand",138.798,LCD (LED),126.7,471,Available,3.5,139
144271,SAMSUNG ELECTRONICS,HG75AU800AW,"Australia,Fiji,New Zealand",189.338,LCD (LED),157,576,Available,5,189
144270,SAMSUNG ELECTRONICS,HG65AU800AW,"Australia,Fiji,New Zealand",163.897,LCD (LED),114,419,Available,5,164
144269,SAMSUNG ELECTRONICS,HG55AU800AW,"Australia,Fiji,New Zealand",138.783,LCD (LED),86,317,Available,5,139
144236,SAMSUNG ELECTRONICS,QA55Q80BA*,"Australia,Fiji,New Zealand",138.783,LCD (LED),158,580,Available,2.5,139
144232,SAMSUNG ELECTRONICS,HG50AU800AW,"Australia,Fiji,New Zealand",125.727,LCD (LED),79,291,Available,4.5,126
144231,SAMSUNG ELECTRONICS,HG43AU800AW,"Australia,Fiji,New Zealand",107.987,LCD (LED),68,251,Available,4,108
144212,SAMSUNG ELECTRONICS,QA50LS01BAS,"Australia,Fiji,New Zealand",125.736,LCD (LED),96,353,Available,4,126
144211,SAMSUNG ELECTRONICS,QA43LS01B**,"Australia,Fiji,New Zealand",107.987,LCD (LED),82,302,Available,3.5,108
144209,LINSAR,LS32C12V,"Australia,Fiji,New Zealand",80.054,LCD,26.7,99,Available,6,80
144204,SAMSUNG ELECTRONICS,QA75QN700B*,"Australia,Fiji,New Zealand",189.338,LCD (LED),273,1000,Available,2.5,189
144201,SAMSUNG ELECTRONICS,QA50Q80BAS,"Australia,Fiji,New Zealand",125.727,LCD (LED),138,507,Available,2,126
144197,EKO,K65USW,Australia,163.896,LCD,108.2,396,Available,5.5,164
144196,BLAUPUNKT,BP500USG9500,Australia,125.731,LCD (LED),50.6,210,Available,6,126
144195,EKO,K500USG,Australia,125.731,LCD (LED),50.6,210,Available,6,126
144193,LG,OLED88Z26LA,"Australia,New Zealand",222.494,OLED,320,1171,Available,3,222
144192,LG,OLED88Z2PSA,"Australia,New Zealand",222.494,OLED,320,1171,Available,3,222
144191,LG,OLED77Z2PSA,"Australia,New Zealand",194.738,OLED,262,959,Available,3,195
144190,LG,86QNED996QB,"Australia,New Zealand",217.425,LCD (LED),328,1200,Available,3,217
144189,LG,86QNED99SQB,"Australia,New Zealand",217.425,LCD (LED),328,1200,Available,3,217
144188,LG,75UQ80006LB,"Australia,New Zealand",189.275,LCD (LED),165,605,Available,5,189
144187,LG,75QNED996QB,"Australia,New Zealand",189.275,LCD (LED),232,849,Available,3.5,189
144186,LG,75QNED99SQB,"Australia,New Zealand",189.275,LCD (LED),232,849,Available,3.5,189
144185,LG,75NANO816QA,"Australia,New Zealand",189.275,LCD (LED),126,462,Available,6,189
144184,LG,65UQ80006LB,"Australia,New Zealand",163.897,LCD (LED),127,466,Available,4.5,164
144183,LG,65QNED996QB,"Australia,New Zealand",163.897,LCD (LED),212,776,Available,2.5,164
144182,LG,65QNED99SQB,"Australia,New Zealand",163.897,LCD (LED),212,776,Available,2.5,164
144181,LG,65QNED96SQA,"Australia,New Zealand",163.897,LCD (LED),152,557,Available,4,164
144180,LG,65NANO806QA,"Australia,New Zealand",163.897,LCD (LED),114,419,Available,5,164
144179,LG,55UQ75006LF,"Australia,New Zealand",138.783,LCD (LED),114,419,Available,4,139
144178,LG,50UQ75006LF,"Australia,New Zealand",125.727,LCD (LED),93,342,Available,4,126
144177,LG,50NANO806QA,"Australia,New Zealand",125.727,LCD (LED),75,276,Available,5,126
144176,LG,43UQ80006LB,"Australia,New Zealand",107.987,LCD (LED),73,269,Available,4,108
144171,SONY,XR-65X90K,"Australia,New Zealand",163.878,LCD (LED),149.8,555,Available,4,164
144170,SONY,XR-75X90K,"Australia,New Zealand",189.306,LCD (LED),198.1,732,Available,4,189
144168,SONY,XR-77A80K,"Australia,New Zealand",194.726,OLED,169.7,629,Available,5,195
144167,SONY,XR-65A80K,"Australia,New Zealand",163.878,OLED,121.1,451,Available,5,164
144166,KOGAN,KALED32EH7520SVA,"Australia,Fiji,New Zealand",80.039,LCD (LED),24.61,110,Available,5.5,80
144165,SONY,XR-55A80K,"Australia,New Zealand",138.798,OLED,103.7,387,Available,4,139
144145,FURRION,FDFD24D3D,"Australia,Fiji,New Zealand",60.47,LCD (LED),28.58,107,Available,4,60
144142,SAMSUNG ELECTRONICS,QA55LS01B**,"Australia,Fiji,New Zealand",138.783,LCD (LED),116,426,Available,4,139
144141,SAMSUNG ELECTRONICS,QA65LS01B**,"Australia,Fiji,New Zealand",163.897,LCD (LED),134,492,Available,4.5,164
144140,SAMSUNG ELECTRONICS,QA65QN700B*,"Australia,Fiji,New Zealand",163.897,LCD (LED),245,897,Available,2,164
144139,SAMSUNG ELECTRONICS,QA85Q80BA*,"Australia,Fiji,New Zealand",214.783,LCD (LED),337,1233,Available,2.5,215
144138,SAMSUNG ELECTRONICS,QA75Q80BA*,"Australia,Fiji,New Zealand",189.338,LCD (LED),267,978,Available,2.5,189
144123,SAMSUNG ELECTRONICS,QA55QN700BS,"Australia,Fiji,New Zealand",138.783,LCD (LED),223,817,Available,1,139
144120,SAMSUNG ELECTRONICS,QA55QN95BA*,"Australia,Fiji,New Zealand",138.783,LCD (LED),173,635,Available,2,139
144119,SAMSUNG ELECTRONICS,QA65Q80BA*,"Australia,Fiji,New Zealand",163.897,LCD (LED),206,755,Available,2.5,164
144106,SAMSUNG ELECTRONICS,QA85QN85BA*,"Australia,Fiji,New Zealand",214.783,LCD (LED),195,715,Available,5,215
144105,SAMSUNG ELECTRONICS,QA65QN95BA*,"Australia,Fiji,New Zealand",163.897,LCD (LED),213,781,Available,2.5,164
144104,SAMSUNG ELECTRONICS,QA65QN90BA*,"Australia,Fiji,New Zealand",163.897,LCD (LED),203,744,Available,2.5,164
144102,SAMSUNG ELECTRONICS,QA43LS03BA*,"Australia,Fiji,New Zealand",107.987,LCD (LED),92,339,Available,3,108
144065,SAMSUNG ELECTRONICS,QA75QN900B*,"Australia,Fiji,New Zealand",189.338,LCD (LED),395,1445,Available,1,189
144057,SONY,KD-65X80K,"Australia,New Zealand",163.878,LCD (LED),147.6,544,Available,4,164
144049,SAMSUNG ELECTRONICS,QA85QN900B*,"Australia,Fiji,New Zealand",214.783,LCD (LED),439,1605,Available,1.5,215
144046,SAMSUNG ELECTRONICS,QA65QN900B*,"Australia,Fiji,New Zealand",163.897,LCD (LED),310,1135,Available,1,164
144031,KOGAN,KAQLED85XQ9610STA,"Australia,Fiji,New Zealand",214.783,LCD (LED),260.1,970,Available,4,215
144023,SONY,KD-75X80K,"Australia,New Zealand",189.306,LCD (LED),191.3,704,Available,4,189
144021,SONY,KD-55X80K,"Australia,New Zealand",138.798,LCD (LED),126.2,467,Available,3.5,139
144009,SONY,XR-85X90K,"Australia,New Zealand",214.783,LCD (LED),235.8,869,Available,4.5,215
144004,SONY,KD-55X75K,"Australia,New Zealand",138.798,LCD (LED),101.4,376,Available,4.5,139
144002,SONY,KD-65X75K,"Australia,New Zealand",163.878,LCD (LED),129.6,478,Available,4.5,164
143954,BLAUPUNKT,BP2400HDV7100,Australia,60.47,LCD,23.28,87,Available,4.5,60
143950,BLAUPUNKT,BP550USG9500,Australia,138.783,LCD,115.1,455,Available,3.5,139
143949,EKO,K550USG,Australia,138.783,LCD,115.1,455,Available,3.5,139
143947,EKO,K550USG,Australia,138.783,LCD,87.2,321,Available,5,139
143946,EKO,K500USG,Australia,125.638,LCD,59.9,226,Available,6,126
143898,METZ,40MTD6500A,"Australia,Fiji,New Zealand",100.645,LCD (LED),28.2,122,Available,7,101
143889,LG,86UP801C0TB,"Australia,New Zealand",217.425,LCD (LED),250,915,Available,4,217
143888,LG,75UP801C0TB,"Australia,New Zealand",189.275,LCD (LED),169,619,Available,4.5,189
143887,LG,50UP801C0TB,"Australia,New Zealand",125.727,LCD (LED),93,342,Available,4,126
143886,LG,43UP801C0TB,"Australia,New Zealand",107.987,LCD (LED),78,287,Available,3.5,108
143847,SAMSUNG ELECTRONICS,QA85LS03BA*,"Australia,Fiji,New Zealand",214.783,LCD (LED),250,916,Available,4,215
143846,SAMSUNG ELECTRONICS,QA75LS03BA*,"Australia,Fiji,New Zealand",189.338,LCD (LED),195,715,Available,4,189
143845,SAMSUNG ELECTRONICS,QA65QN85BA*,"Australia,Fiji,New Zealand",163.897,LCD (LED),158,580,Available,4,164
143844,SAMSUNG ELECTRONICS,QA65LS03BA*,"Australia,Fiji,New Zealand",163.897,LCD (LED),158,580,Available,4,164
143843,SAMSUNG ELECTRONICS,QA55QN85BA*,"Australia,Fiji,New Zealand",138.783,LCD (LED),136,499,Available,3,139
143842,SAMSUNG ELECTRONICS,QA55LS03BA*,"Australia,Fiji,New Zealand",138.783,LCD (LED),140,514,Available,3,139
143841,SAMSUNG ELECTRONICS,QA50LS03BA*,"Australia,Fiji,New Zealand",125.727,LCD (LED),96,353,Available,4,126
143840,SAMSUNG ELECTRONICS,QA43QN90BA*,"Australia,Fiji,New Zealand",107.987,LCD (LED),99,364,Available,2.5,108
143833,AKAI,AK5021S6WOS,"Australia,Fiji,New Zealand",125.774,LCD (LED),54.8,202,Available,6,126
143830,SAMSUNG ELECTRONICS,QA85QN90BA*,"Australia,Fiji,New Zealand",214.783,LCD (LED),304,1113,Available,3,215
143828,SAMSUNG ELECTRONICS,QA55QN90BA*,"Australia,Fiji,New Zealand",138.783,LCD (LED),162,594,Available,2.5,139
143827,SAMSUNG ELECTRONICS,QA85QN800B*,"Australia,Fiji,New Zealand",214.783,LCD (LED),389,1423,Available,2,215
143826,SAMSUNG ELECTRONICS,QA75QN800B*,"Australia,Fiji,New Zealand",189.338,LCD (LED),339,1240,Available,1.5,189
143759,LG,OLED77A2PSA,"Australia,New Zealand",194.738,OLED,126,462,Available,6,195
143758,LG,OLED65G26LA,"Australia,New Zealand",163.897,OLED,109,400,Available,5.5,164
143757,LG,OLED65G2PSA,"Australia,New Zealand",163.897,OLED,109,400,Available,5.5,164
143756,LG,OLED77G26LA,"Australia,New Zealand",194.738,OLED,152,557,Available,5.5,195
143755,LG,OLED77G2PSA,"Australia,New Zealand",194.738,OLED,152,557,Available,5.5,195
143754,LG,OLED55G26LA,"Australia,New Zealand",138.783,OLED,95,349,Available,4.5,139
143753,LG,OLED55G2PSA,"Australia,New Zealand",138.783,OLED,95,349,Available,4.5,139
143752,LG,65UQ75006LF,"Australia,New Zealand",163.897,LCD (LED),145,532,Available,4,164
143745,BLAUPUNKT,BP550USG9500,Australia,138.783,LCD,115.1,422,Available,4,139
143744,EKO,K550USG,Australia,138.783,LCD,115.1,422,Available,4,139
143738,SAMSUNG ELECTRONICS,QA75QN95BA*,"Australia,Fiji,New Zealand",189.338,LCD (LED),245,897,Available,3,189
143736,SAMSUNG ELECTRONICS,QA50QN90BA*,"Australia,Fiji,New Zealand",125.727,LCD (LED),112,412,Available,3,126
143688,MYVI,UR-LED2403DVDNS,"Australia,New Zealand",60.269,LCD (LED),24.2,95,Available,4.5,60
143676,BAUHN,ATV32HDC-0222,Australia,80.043,LCD,27,101,Available,6,80
143673,SAMSUNG ELECTRONICS,QA65QN800B*,"Australia,Fiji,New Zealand",163.897,LCD (LED),306,1120,Available,1,164
143671,SAMSUNG ELECTRONICS,QA85Q70BA*,"Australia,Fiji,New Zealand",214.783,LCD (LED),223,817,Available,4.5,215
143670,SAMSUNG ELECTRONICS,QA75Q70BA*,"Australia,Fiji,New Zealand",189.338,LCD (LED),173,635,Available,4.5,189
143669,SAMSUNG ELECTRONICS,QA65Q70BA*,"Australia,Fiji,New Zealand",163.897,LCD (LED),150,551,Available,4,164
143656,SAMSUNG ELECTRONICS,UA55BU8*00*,"Australia,Fiji,New Zealand",138.783,LCD (LED),113,416,Available,4,139
143652,SAMSUNG ELECTRONICS,UA50BU8*00*,"Australia,Fiji,New Zealand",125.727,LCD (LED),94,346,Available,4,126
143650,POLAROID,PL6521UHDG,"Australia,Fiji",163.682,LCD,93,370,Available,6,164
143649,TEAC,LE65GA522,"Australia,Fiji,New Zealand",163.896,LCD (LED),99.95,386,Available,5.5,164
143647,KOGAN,KAQLED65RQ9510SVA,"Australia,Fiji,New Zealand",163.896,LCD (LED),99.95,386,Available,5.5,164
143639,SAMSUNG ELECTRONICS,UA43BU8000W,"Australia,Fiji,New Zealand",107.987,LCD (LED),73,270,Available,4,108
143638,SAMSUNG ELECTRONICS,QA50Q60BAS,"Australia,Fiji,New Zealand",125.727,LCD (LED),80,295,Available,4.5,126
143637,SAMSUNG ELECTRONICS,QA43Q60BAS,"Australia,Fiji,New Zealand",107.987,LCD (LED),70,259,Available,4,108
143636,SAMSUNG ELECTRONICS,QA85Q60BA*,"Australia,Fiji,New Zealand",214.783,LCD (LED),178,653,Available,5.5,215
143631,METZ,32MTD6500A,"Australia,Fiji,New Zealand",80.054,LCD (LED),27.2,115,Available,5.5,80
143622,SAMSUNG ELECTRONICS,QA75Q60BAS,"Australia,Fiji,New Zealand",189.338,LCD (LED),183,671,Available,4.5,189
143616,SAMSUNG ELECTRONICS,QA65Q60BAS,"Australia,Fiji,New Zealand",163.897,LCD (LED),117,430,Available,5,164
143613,SAMSUNG ELECTRONICS,QA55Q60BAS,"Australia,Fiji,New Zealand",138.783,LCD (LED),87,321,Available,5,139
143556,LG,86QNED806QA,"Australia,New Zealand",217.425,LCD (LED),198,725,Available,5,217
143555,LG,86QNED80SQA,"Australia,New Zealand",217.425,LCD (LED),198,725,Available,5,217
143554,LG,75UQ91006LA,"Australia,New Zealand",189.275,LCD (LED),165,605,Available,5,189
143553,LG,75UQ9000PSD,"Australia,New Zealand",189.275,LCD (LED),165,605,Available,5,189
143552,LG,65UQ9000PSD,"Australia,New Zealand",163.897,LCD (LED),148,543,Available,4,164
143551,LG,55UQ91006LA,"Australia,New Zealand",138.783,LCD (LED),114,419,Available,4,139
143550,LG,55UQ9000PSD,"Australia,New Zealand",138.783,LCD (LED),114,419,Available,4,139
143549,LG,55NANO806QA,"Australia,New Zealand",138.783,LCD (LED),97,357,Available,4.5,139
143548,LG,50UQ91006LA,"Australia,New Zealand",125.727,LCD (LED),90,331,Available,4,126
143547,LG,50UQ9000PSD,"Australia,New Zealand",125.727,LCD (LED),90,331,Available,4,126
143546,LG,43UQ91006LA,"Australia,New Zealand",107.987,LCD (LED),75,276,Available,3.5,108
143545,LG,43UQ9000PSD,"Australia,New Zealand",107.987,LCD (LED),75,276,Available,3.5,108
143538,VEON,VN55WOS2022,New Zealand,138.783,LCD (LED),105.9,423,Available,4,139
143535,SAMSUNG ELECTRONICS,QA75QN90BA*,"Australia,Fiji,New Zealand",189.338,LCD (LED),212,777,Available,3.5,189
143534,SAMSUNG ELECTRONICS,QA75QN85BA*,"Australia,Fiji,New Zealand",189.338,LCD (LED),167,613,Available,4.5,189
143532,SAMSUNG ELECTRONICS,UA65BU8500S,"Australia,Fiji,New Zealand",163.897,LCD (LED),119,437,Available,5,164
143530,SAMSUNG ELECTRONICS,UA65BU8000*,"Australia,Fiji,New Zealand",163.897,LCD (LED),119,437,Available,5,164
143529,SAMSUNG ELECTRONICS,UA85BU8000*,"Australia,Fiji,New Zealand",214.783,LCD (LED),202,740,Available,5,215
143527,SAMSUNG ELECTRONICS,UA60BU8000S,"Australia,Fiji,New Zealand",152.663,LCD (LED),104,383,Available,5,153
143525,SAMSUNG ELECTRONICS,UA75BU8000*,"Australia,Fiji,New Zealand",189.338,LCD (LED),157,576,Available,5,189
143524,SAMSUNG ELECTRONICS,QA55Q70BA*,"Australia,Fiji,New Zealand",138.783,LCD (LED),114,419,Available,4,139
143486,METZ,86MUC8500A,"Australia,Fiji,New Zealand",217.427,LCD (LED),214.72,893,Available,4.5,217
143481,LG,86UQ9000PSD,"Australia,New Zealand",217.425,LCD (LED),250,915,Available,4,217
143480,LG,86NANO756QA,"Australia,New Zealand",217.425,LCD (LED),250,915,Available,4,217
143479,LG,86NANO75SQA,"Australia,New Zealand",217.425,LCD (LED),250,915,Available,4,217
143477,LG,75QNED96SQA,"Australia,New Zealand",189.275,LCD (LED),172,630,Available,4.5,189
143476,LG,75QNED806QA,"Australia,New Zealand",189.275,LCD (LED),134,492,Available,5.5,189
143475,LG,75QNED80SQA,"Australia,New Zealand",189.275,LCD (LED),134,492,Available,5.5,189
143474,LG,75NANO756QA,"Australia,New Zealand",189.275,LCD (LED),181,663,Available,4.5,189
143473,LG,75NANO75SQA,"Australia,New Zealand",189.275,LCD (LED),181,663,Available,4.5,189
143472,LG,65UQ91006LA,"Australia,New Zealand",163.897,LCD (LED),148,543,Available,4,164
143471,LG,65QNED806QA,"Australia,New Zealand",163.897,LCD (LED),118,433,Available,5,164
143470,LG,65QNED80SQA,"Australia,New Zealand",163.897,LCD (LED),118,433,Available,5,164
143469,LG,65NANO756QA,"Australia,New Zealand",163.897,LCD (LED),144,528,Available,4,164
143467,LG,65NANO75SQA,"Australia,New Zealand",163.897,LCD (LED),144,528,Available,4,164
143466,LG,55UQ80006LB,"Australia,New Zealand",138.783,LCD (LED),98,360,Available,4.5,139
143465,LG,55QNED806QA,"Australia,New Zealand",138.783,LCD (LED),94,346,Available,4.5,139
143464,LG,55QNED80SQA,"Australia,New Zealand",138.783,LCD (LED),94,346,Available,4.5,139
143463,LG,55NANO756QA,"Australia,New Zealand",138.783,LCD (LED),114,419,Available,4,139
143462,LG,55NANO75SQA,"Australia,New Zealand",138.783,LCD (LED),114,419,Available,4,139
143460,LG,50UQ80006LB,"Australia,New Zealand",125.727,LCD (LED),78,287,Available,4.5,126
143459,LG,50QNED806QA,"Australia,New Zealand",125.727,LCD (LED),80,295,Available,4.5,126
143458,LG,50QNED80SQA,"Australia,New Zealand",125.727,LCD (LED),80,295,Available,4.5,126
143457,LG,50NANO756QA,"Australia,New Zealand",125.727,LCD (LED),90,331,Available,4,126
143455,LG,50NANO75SQA,"Australia,New Zealand",125.727,LCD (LED),90,331,Available,4,126
143454,LG,43UQ75006LF,"Australia,New Zealand",107.987,LCD (LED),77,284,Available,3.5,108
143451,LG,43NANO756QA,"Australia,New Zealand",107.987,LCD (LED),75,276,Available,3.5,108
143450,LG,43NANO75SQA,"Australia,New Zealand",107.987,LCD (LED),75,276,Available,3.5,108
143449,LG,OLED48C24LA,"Australia,New Zealand",120.721,OLED,77,284,Available,4.5,121
143448,LG,OLED48C2PSA,"Australia,New Zealand",120.721,OLED,77,284,Available,4.5,121
143447,LG,OLED42C24LA,"Australia,New Zealand",105.52,OLED,63,232,Available,4.5,106
143446,LG,OLED42C2PSA,"Australia,New Zealand",105.52,OLED,63,232,Available,4.5,106
143415,JVC,JV65ID7A2021QN,New Zealand,163.878,LCD (LED),160,630,Available,3.5,164
143338,BAUHN,ATV42FHDW-1221,Australia,105.396,LCD,42.3,157,Available,6,105
143291,LG,OLED83C24LA,"Australia,New Zealand",209.585,OLED,179,656,Available,5.5,210
143290,LG,OLED83C2PSA,"Australia,New Zealand",209.585,OLED,179,656,Available,5.5,210
143289,LG,OLED77C24LA,"Australia,New Zealand",194.738,OLED,140,513,Available,6,195
143288,LG,OLED77C2PSC,"Australia,New Zealand",194.738,OLED,140,513,Available,6,195
143287,LG,OLED65C24LA,"Australia,New Zealand",163.897,OLED,112,411,Available,5.5,164
143286,LG,OLED65C2PSC,"Australia,New Zealand",163.897,OLED,112,411,Available,5.5,164
143285,LG,OLED65B2PSA,"Australia,New Zealand",163.897,OLED,126,462,Available,5,164
143284,LG,OLED65A26LA,"Australia,New Zealand",163.897,OLED,107,393,Available,5.5,164
143283,LG,OLED65A2PSA,"Australia,New Zealand",163.897,OLED,107,393,Available,5.5,164
143282,LG,OLED55C24LA,"Australia,New Zealand",138.783,OLED,95,349,Available,4.5,139
143281,LG,OLED55C2PSC,"Australia,New Zealand",138.783,OLED,95,349,Available,4.5,139
143280,LG,OLED55B2PSA,"Australia,New Zealand",138.783,OLED,102,375,Available,4.5,139
143279,LG,OLED55A26LA,"Australia,New Zealand",138.783,OLED,86,316,Available,5,139
143278,LG,OLED55A2PSA,"Australia,New Zealand",138.783,OLED,86,316,Available,5,139
143277,LG,OLED48A2PSA,"Australia,New Zealand",120.721,OLED,76,280,Available,4.5,121
143276,LG,86QNED916QA,"Australia,New Zealand",217.425,LCD (LED),184,674,Available,5.5,217
143275,LG,86QNED91SQA,"Australia,New Zealand",217.425,LCD (LED),184,674,Available,5.5,217
143274,LG,75QNED916QA,"Australia,New Zealand",189.275,LCD (LED),158,579,Available,5,189
143273,LG,75QNED91SQA,"Australia,New Zealand",189.275,LCD (LED),158,579,Available,5,189
143272,LG,65QNED91SQA,"Australia,New Zealand",163.897,LCD (LED),120,440,Available,5,164
143240,EKO,K500USG,Australia,125.731,LCD,54.82,203,Available,6,126
143239,EKO,K750USG,Australia,189.274,LCD,174.22,638,Available,4.5,189
143238,EKO,K75QHZ,Australia,189.34,LCD,227.32,832,Available,3.5,189
143237,EKO,K430USGQ,Australia,107.987,LCD,51.49,191,Available,5.5,108
143234,SAMSUNG ELECTRONICS,UA65AU7002S,"Australia,Fiji,New Zealand",163.896,LCD (LED),113,416,Available,5.5,164
143215,BLAUPUNKT,BP2400HDV7100,Australia,59.824,LCD (LED),20.5,78,Available,5,60
143170,CAIXUN,*****40*****,"Australia,Fiji,New Zealand",100.332,LCD (LED),34.52,151,Available,6,100
143169,LG,65UP801C0TB,"Australia,New Zealand",163.897,LCD (LED),144,528,Available,4,164
143167,LG,55UP801C0TB,"Australia,New Zealand",138.783,LCD (LED),115,422,Available,4,139
143136,KOGAN,*****40*****,"Australia,Fiji,New Zealand",100.332,LCD (LED),34.52,151,Available,6,100
143134,KONKA,KUD75WT808AN,New Zealand,189.274,LCD,161.64,592,Available,5,189
143114,KONIC,KUD75SG692AS,New Zealand,189.34,LCD (LED),153.24,562,Available,5,189
143112,KONIC,KUD65SG696AS,New Zealand,163.896,LCD (LED),100.78,370,Available,6,164
143111,KONIC,KUD55SG696AS,New Zealand,138.783,LCD (LED),57.97,214,Available,7,139
143110,KONIC,KUD50SG696AS,New Zealand,125.731,LCD (LED),46.11,172,Available,7,126
143109,KONIC,KKD42SG378A,New Zealand,105.415,LCD (LED),46.99,174,Available,5.5,105
143107,SONY,KD-32W830K,"Australia,New Zealand",80.054,LCD (LED),34.7,132,Available,4.5,80
143106,KONIC,KKD32SG396A,New Zealand,80.04,LCD (LED),27.42,102,Available,6,80
143083,BLAUPUNKT,BP3200HDV7100,Australia,80.039,LCD,34.48,128,Available,5,80
143072,BAUHN,ATV58UHDW-0322,Australia,146.039,LCD,74.9,275,Available,6,146
143036,CAIXUN,LE-32V1,"Australia,Fiji,New Zealand",80.039,LCD (LED),25.92,110,Available,5.5,80
143014,KOGAN,LE-58series,"Australia,Fiji,New Zealand",146.068,LCD (LED),65.21,271,Available,6,146
143013,KOGAN,LE-55series,"Australia,Fiji,New Zealand",138.783,LCD (LED),53.64,247,Available,6,139
143012,KOGAN,LE-50series,"Australia,Fiji,New Zealand",125.731,LCD (LED),50.6,210,Available,6,126
143011,KOGAN,LE-43series,"Australia,Fiji,New Zealand",107.987,LCD (LED),47.23,194,Available,5.5,108
142986,JVC,LT-50NQ7115A,"Australia,Fiji",125.365,LCD,84.4,354,Available,4,125
142985,JVC,LT-55NQ7105AM,"Australia,Fiji",138.798,LCD,100.2,400,Available,4,139
142983,JVC,LT-42N5125A,"Australia,Fiji",105.396,LCD,57.6,230,Available,4.5,105
142973,SONY,KD-50X75K,"Australia,New Zealand",125.725,LCD (LED),84,312,Available,4.5,126
142970,SONY,KD-43X75K,"Australia,New Zealand",107.95,LCD (LED),70,261,Available,4,108
142965,BAUHN,ATV65UHDS-1221,Australia,163.897,LCD,96.1,360,Available,6,164
142898,JVC,LT-32N3115AM,"Australia,Fiji",79.744,LCD,32.7,130,Available,5,80
142849,PHILIPS,19HFL5214W/12,"Australia,Fiji,New Zealand",47.013,LCD (LED),15.12,62,Available,5,47
142813,LINSAR,LS65UHDNF,Australia,163.896,LCD (LED),95.274,367,Available,6,164
142810,AKAI,AK6521S6WOS,Australia,163.896,LCD (LED),95.274,367,Available,6,164
142807,KOGAN,KALED40RF9210STB,"Australia,Fiji,New Zealand",100.305,LCD (LED),40,149,Available,6,100
142798,LG,65UR767H3VC,"Australia,New Zealand",163.897,LCD (LED),118,433,Available,5,164
142797,LG,55UR767H3VC,"Australia,New Zealand",138.783,LCD (LED),101,371,Available,4.5,139
142796,LG,50UR767H3VC,"Australia,New Zealand",125.727,LCD (LED),78,287,Available,4.5,126
142747,"SHENZHEN XINCHAODA TECHNOLOGY CO., LTD",LEQ65A722,"Australia,Fiji,New Zealand",163.896,LCD (LED),109.48,402,Available,5.5,164
142745,"SHENZHEN XINCHAODA TECHNOLOGY CO., LTD",LEQ55W722,"Australia,Fiji,New Zealand",138.783,LCD (LED),98.45,362,Available,4.5,139
142739,"SHENZHEN XINCHAODA TECHNOLOGY CO., LTD",LEQ55A722,"Australia,Fiji,New Zealand",138.783,LCD (LED),103.61,381,Available,4.5,139
142717,BAUHN,ATV85UHDW-0122,Australia,214.783,LCD,159.1,600,Available,6,215
142709,BAUHN,ATV60UHDW-1121,Australia,152.678,LCD,85.3,320,Available,6,153
142704,EKO,K70USW,Australia,176.538,LCD,167.26,612,Available,4,177
142703,EKO,K700USG,Australia,176.538,LCD,126.96,465,Available,5.5,177
142701,EKO,K75USW,Australia,189.274,LCD,206.62,756,Available,4,189
142691,EKO,K58USG,Australia,146.068,LCD,94.12,346,Available,5,146
142663,KOGAN,KAQLED65XQ9610STA,"Australia,Fiji,New Zealand",163.829,LCD,156,572,Available,4,164
142661,LG,65QNED916QA,"Australia,New Zealand",163.897,LCD (LED),120,440,Available,5,164
142654,CHIQ,U75F8T,"Australia,Fiji,New Zealand",189.324,LCD (LED),138,506,Available,5.5,189
142636,SAMSUNG ELECTRONICS,UA55AU7002S,"Australia,Fiji,New Zealand",138.783,LCD (LED),77,284,Available,5.5,139
142575,MYVI,UR-LED2402NS,"Australia,New Zealand",60.095,LCD (LED),20.12,85,Available,5,60
142563,KOGAN,KALED24EH7520SVA,"Australia,Fiji,New Zealand",59.824,LCD (LED),18.4,84,Available,5,60
142510,PHILIPS,65HFL6214U/12,"Australia,Fiji,New Zealand",163.897,LCD (LED),94.36,381,Available,5.5,164
142509,PHILIPS,58HFL6214U/12,"Australia,Fiji,New Zealand",146.068,LCD (LED),72.81,294,Available,6,146
142508,PHILIPS,75PML9506/75,"Australia,Fiji,New Zealand",189.274,LCD (LED),195,785,Available,3.5,189
142481,PHILIPS,75HFL6214U/12,"Australia,Fiji,New Zealand",189.275,LCD (LED),109.86,443,Available,6,189
142478,PHILIPS,50HFL6214U/12,"Australia,Fiji,New Zealand",125.741,LCD (LED),64.01,259,Available,5,126
142475,PHILIPS,43HFL6214U/12,"Australia,Fiji,New Zealand",107.987,LCD (LED),53.2,216,Available,5,108
142463,KOGAN,KAQLED75XQ9610STA,"Australia,Fiji,New Zealand",189.306,LCD,182,667,Available,4.5,189
142461,BLAUPUNKT,BP400FSG9200,Australia,100.305,LCD,35.8,151,Available,6,100
142458,EKO,K45FSW,Australia,116.809,LCD,66.49,245,Available,5,117
142429,VEON,VN50WOS2021,New Zealand,143.495,LCD (LED),92.8,370,Available,4.5,143
142421,SAMSUNG ELECTRONICS,UA50AU7002S,"Australia,Fiji,New Zealand",125.727,LCD (LED),71,262,Available,5,126
142410,SAMSUNG ELECTRONICS,HG75AJ690YK,"Australia,Fiji,New Zealand",189.333,LCD (LED),154,565,Available,5,189
142409,SAMSUNG ELECTRONICS,HG65AJ690YK,"Australia,Fiji,New Zealand",163.897,LCD (LED),116,426,Available,5,164
142408,SAMSUNG ELECTRONICS,HG50AJ690YK,"Australia,Fiji,New Zealand",125.727,LCD (LED),85,313,Available,4.5,126
142403,SAMSUNG ELECTRONICS,HG55AJ690YK,"Australia,Fiji,New Zealand",138.783,LCD (LED),91,335,Available,5,139
142402,SAMSUNG ELECTRONICS,HG43AJ690YK,"Australia,Fiji,New Zealand",107.987,LCD (LED),69,255,Available,4,108
142395,PHILIPS,65PML9506/75,"Australia,Fiji,New Zealand",163.897,LCD (LED),180,725,Available,3,164
142382,KOGAN,KALED43XT9610STA,"Australia,Fiji,New Zealand",107.95,LCD,65,240,Available,4.5,108
142241,CAIXUN,LE-40V1,"Australia,Fiji,New Zealand",100.332,LCD (LED),38.92,151,Available,6,100
142237,EKO,K32HSW,Australia,80.039,LCD (LED),36.2,135,Available,4.5,80
142225,PHILIPS,75PUT7906/75,"Australia,Fiji,New Zealand",189.275,LCD (LED),169.26,682,Available,4.5,189
142214,STAN CASH,TV185CLEARA,Australia,46.787,LCD (LED),16.1569,60,Available,5,47
142195,VEON,VN40WOS2021,"Australia,Fiji,New Zealand",100.353,LCD (LED),47.3,175,Available,5,100
142181,BLAUPUNKT,BP4000F,Australia,100.332,LCD (LED),57.3,211,Available,4.5,100
142174,PHILIPS,55OLED706/79,"Australia,Fiji,New Zealand",138.783,LCD (LED),148,596,Available,2.5,139
142171,KOGAN,KAQLED55XQ9610STA,"Australia,Fiji,New Zealand",138.711,LCD,113,415,Available,4,139
142168,SHARETV,ST1922G,"Australia,New Zealand",54.392,LCD,28.1,106,Available,3,54
142153,PANASONIC,TH-43JS610Z,New Zealand,108.124,LCD (LED),38.85,171,Available,6,108
142151,PANASONIC,TH-32JS610Z,New Zealand,80.054,LCD (LED),28.33,120,Available,5,80
142140,SAMSUNG ELECTRONICS,QA75Q95TDW,"Australia,Fiji,New Zealand",189.338,LCD (LED),237,868,Available,3,189
142137,SAMSUNG ELECTRONICS,QA65Q95TDS,"Australia,Fiji,New Zealand",163.897,LCD (LED),205,751,Available,2.5,164
142136,SAMSUNG ELECTRONICS,QA55Q95TDS,"Australia,Fiji,New Zealand",138.783,LCD (LED),140,514,Available,3,139
142044,POLAROID,PL3221OS,"Australia,Fiji,New Zealand",80.054,LCD (LED),25.5,98,Available,6,80
142036,EKO,K40FSW,Australia,100.332,LCD (LED),54.5,202,Available,4.5,100
142035,BLAUPUNKT,BP650USG9500,Australia,163.896,LCD,126.93,467,Available,4.5,164
141828,VEON,VN55WOS2022,"Australia,Fiji,New Zealand",138.783,LCD (LED),105.9,423,Available,4,139
141823,WALTON,W43D210NAU,"Australia,Fiji,New Zealand",109.275,LCD (LED),36.4,140,Available,7,109
141806,PHILIPS,55BFL2214/97,"Australia,Fiji,New Zealand",138.783,LCD (LED),70.66,286,Available,5.5,139
141792,PHILIPS,65BFL2214/97,"Australia,New Zealand",163.897,LCD (LED),94.45,382,Available,5.5,164
141784,PHILIPS,50BFL2214/97,"Australia,New Zealand",125.741,LCD (LED),62.33,253,Available,5.5,126
141777,EKO,K240HSG,Australia,59.824,LCD (LED),17.74,70,Available,5.5,60
141748,AKAI,AK3221S6WOS,"Australia,Fiji,New Zealand",80.054,LCD (LED),25.5,98,Available,6,80
141716,POLAROID,PL6521OS,Australia,163.896,LCD (LED),95.274,367,Available,6,164
141658,PHILIPS,55PUT7906/75,"Australia,Fiji,New Zealand",138.783,LCD (LED),105.46,426,Available,4,139
141656,PHILIPS,75BFL2214/97,"Australia,Fiji,New Zealand",189.274,LCD (LED),111.72,451,Available,6,189
141655,PHILIPS,43BFL2214/97,"Australia,Fiji,New Zealand",107.986,LCD (LED),51.04,208,Available,5,108
141620,KOGAN,KALED75RT9220SVA,"Australia,Fiji,New Zealand",189.32,LCD (LED),208.8,765,Available,4,189
141614,SMTV,LD65UDS-F1,"Australia,Fiji,New Zealand",163.791,LCD (LED),108.56,400,Available,5.5,164
141379,SAMSUNG ELECTRONICS,UA43AU7002S,"Australia,Fiji,New Zealand",107.956,LCD (LED),64,237,Available,4.5,108
141325,SMTV,LD55UDS-F1,"Australia,Fiji,New Zealand",138.798,LCD (LED),94.22,347,Available,4.5,139
141307,BLAUPUNKT,BP75WOS,Australia,189.321,LCD,219,810,Available,3.5,189
141305,BLAUPUNKT,BP85WOS,Australia,214.783,LCD,306.3,1170,Available,3,215
141293,PHILIPS,65PUT7906/75,"Australia,New Zealand",163.897,LCD (LED),128.4,518,Available,4.5,164
141291,PHILIPS,70PUT7906/75,"Australia,Fiji,New Zealand",176.566,LCD (LED),146.3,589,Available,4.5,177
141284,PHILIPS,50PUT7906/79,"Australia,New Zealand",125.741,LCD (LED),93.12,376,Available,3.5,126
141271,KOGAN,KALED32RT9220SVA,"Australia,Fiji,New Zealand",80.039,LCD (LED),25.92,110,Available,5.5,80
141237,KOGAN,KALED24RT9220SVA,"Australia,Fiji,New Zealand",59.824,LCD (LED),17.74,70,Available,5.5,60
141193,KOGAN,KALED42RT9220SVA,"Australia,Fiji,New Zealand",105.415,LCD (LED),41.38,159,Available,6,105
141187,BAUHN,ATV32HD-1121,Australia,80.054,LCD (LED),26,99,Available,6,80
141142,VEON,VN50WOS2021,"Australia,Fiji,New Zealand",125.725,LCD (LED),92.8,370,Available,3.5,126
141108,LG,75UR765H0VD,"Australia,New Zealand",189.275,LCD (LED),140,514,Available,5.5,189
141106,LG,65UR765H0VD,"Australia,New Zealand",163.897,LCD (LED),115,422,Available,5,164
141105,LG,55UR765H0VA,"Australia,New Zealand",138.783,LCD (LED),80,295,Available,5.5,139
141104,LG,50UR765H0VA,"Australia,New Zealand",125.727,LCD (LED),78,287,Available,4.5,126
141093,HISENSE,70A6G,"Australia,New Zealand",176.57,LCD (LED),106.02,422,Available,6,177
141068,HISENSE,65U9G,"Australia,New Zealand",163.896,LCD (LED),152.07,649,Available,3.5,164
141039,BAUHN,ATV32HDG-1021,Australia,80.065,LCD (LED),24.3,105,Available,6,80
140994,JVC,JV58ID7A2021UN,New Zealand,145.865,LCD (LED),105.8,468,Available,4,146
140992,JVC,JV75ID7A2021Q,New Zealand,189.268,LCD (LED),126,758,Available,4,189
140988,HISENSE,75U9G,"Australia,New Zealand",189.274,LCD (LED),167.08,683,Available,4.5,189
140955,HISENSE,58A6G,"Australia,New Zealand",146.068,LCD (LED),80.04,335,Available,5.5,146
140943,EKO,K320HSG,Australia,80.039,LCD (LED),25.92,110,Available,5.5,80
140942,EKO,K32HSW,Australia,80.054,LCD (LED),34.47,134,Available,4.5,80
140930,HISENSE,50A6G,"Australia,New Zealand",125.731,LCD (LED),67.65,284,Available,5,126
140925,AKAI,AK2421S5D,"Australia,Fiji,New Zealand",59.774,LCD (LED),18,68,Available,6,60
140924,ALTIUS,LS24C12V,"Australia,Fiji,New Zealand",59.774,LCD (LED),18,68,Available,6,60
140849,SHARP,8T-C60DW1X,New Zealand,152.663,LCD (LED),138,507,Available,4,153
140827,MYVI,UR-LED2401DVD,"Australia,New Zealand",60.319,LCD,21.96,85,Available,5,60
140784,"SHENZHEN XINCHAODA TECHNOLOGY CO., LTD",LEQ65W722,"Australia,Fiji,New Zealand",163.896,LCD (LED),100.64,369,Available,6,164
140714,ALTIUS,AT24CFHD-BCF,"Australia,Fiji,New Zealand",59.774,LCD (LED),18,68,Available,6,60
140695,BLAUPUNKT,BP65WOS,Australia,163.888,LCD (LED),127.8,510,Available,4.5,164
140494,AKAI,AK7021S6WOS,"Australia,Fiji,New Zealand",176.592,LCD,100.2,372,Available,6,177
140475,DGTEC,DG65UHDOS,"Australia,Fiji,New Zealand",163.897,LCD (LED),96.3,371,Available,6,164
140455,TOSHIBA,65Z770KP,"Australia,New Zealand",163.896,LCD (LED),132.81,520,Available,4.5,164
140441,EKO,K32HSW,Australia,80.039,LCD (LED),36.95,138,Available,4.5,80
140426,TOSHIBA,55Z770KP,"Australia,New Zealand",138.783,LCD (LED),103.48,426,Available,4,139
140373,AKAI,AK7521S6WOS,"Australia,Fiji,New Zealand",189.273,LCD (LED),106.97,404,Available,6,189
140365,AKAI,AK5021S6WOS,"Australia,Fiji,New Zealand",125.731,LCD (LED),55.35,225,Available,6,126
140344,BAUHN,ATV70UHDW-0921,Australia,176.545,LCD,95.7,405,Available,6,177
140334,EKO,K55USW,Australia,138.783,LCD (LED),84.82,312,Available,5,139
140332,SAMSUNG ELECTRONICS,QA98QN90AAS,"Australia,Fiji,New Zealand",247.691,LCD (LED),308,1127,Available,4.5,248
140309,VEON,VN50ID7021B,New Zealand,125.736,LCD (LED),82.7,345,Available,4,126
140308,VEON,VN58ID7021B,New Zealand,145.865,LCD (LED),105.8,468,Available,4,146
140297,PHILIPS,55HFL7011T/12,"Australia,Fiji,New Zealand",138.798,LCD (LED),140.3,514,Available,3,139
140296,PHILIPS,65HFL7111T/12,"Australia,Fiji,New Zealand",163.655,LCD (LED),131.3,483,Available,4.5,164
140292,PHILIPS,55HFL5011T/12,"Australia,Fiji,New Zealand",138.935,LCD (LED),54.84,202,Available,7,139
140289,PHILIPS,49HFL5011T/12,"Australia,Fiji,New Zealand",123.17,LCD (LED),47.37,175,Available,7,123
140286,PHILIPS,43HFL5011T/12,"Australia,Fiji,New Zealand",108.037,LCD (LED),43.23,160,Available,6,108
140130,PHILIPS,24HFL3011T/12,"Australia,Fiji,New Zealand",59.687,LCD (LED),17.38,65,Available,6,60
140108,VEON,VN55WOS2021,New Zealand,138.783,LCD (LED),104.9,404,Available,4,139
140075,SAMSUNG ELECTRONICS,UA40T6500AS,"Australia,Fiji,New Zealand",100.305,LCD (LED),59,218,Available,4,100
140042,METZ,55MXD9500A,"Australia,Fiji,New Zealand",138.554,OLED,103.3,424,Available,4,139
140041,METZ,65MXD9500A,"Australia,Fiji,New Zealand",164.249,OLED,139.4,586,Available,4,164
140034,KONKA,50AN,New Zealand,125.731,LCD (LED),75.43,279,Available,5,126
139965,SAMSUNG ELECTRONICS,UA70AU7000,"Australia,Fiji,New Zealand",176.497,LCD (LED),135,496,Available,5,176
139909,HISENSE,85A7G,"Australia,New Zealand",214.783,LCD (LED),172.02,698,Available,5.5,215
139901,KONKA,55AN,New Zealand,138.783,LCD (LED),92.33,340,Available,5,139
139816,AKAI,AK6521S6WOS,"Australia,Fiji,New Zealand",163.896,LCD (LED),92.66,371,Available,6,164
139792,SHARP,2T-C42BG1X,"Australia,Fiji,New Zealand",105.415,LCD (LED),47.72,177,Available,5.5,105
139791,AKAI,AK5821S6WOS,"Australia,Fiji,New Zealand",146.068,LCD (LED),76.37,301,Available,6,146
139702,JVC,LT-55N7125A,"Australia,Fiji,New Zealand",139.022,LCD,106.02,430,Available,3.5,139
139699,EKO,K400FSG,"Australia,Fiji,New Zealand",100.332,LCD (LED),41.5,155,Available,5.5,100
139689,TOSHIBA,75C350KP,"Australia,New Zealand",189.274,LCD (LED),131.33,547,Available,5.5,189
139660,SMTV,LED-43JIL0421-1,"Australia,Fiji,New Zealand",107.912,LCD (LED),50.909,188,Available,5.5,108
139607,SAMSUNG ELECTRONICS,QA43Q60ABS,"Australia,Fiji,New Zealand",107.95,LCD (LED),72,266,Available,4,108
139606,SAMSUNG ELECTRONICS,QA50Q60ABS,"Australia,Fiji,New Zealand",125.725,LCD (LED),82,302,Available,4.5,126
139602,SAMSUNG ELECTRONICS,QA85Q60ABS,"Australia,Fiji,New Zealand",214.783,LCD (LED),176,645,Available,5.5,215
139600,SAMSUNG ELECTRONICS,QA75Q60ABS,"Australia,Fiji,New Zealand",189.306,LCD (LED),155,569,Available,5,189
139598,SAMSUNG ELECTRONICS,QA65Q60ABS,"Australia,Fiji,New Zealand",163.829,LCD (LED),117,430,Available,5,164
139597,SAMSUNG ELECTRONICS,QA55Q60ABS,"Australia,Fiji,New Zealand",138.798,LCD (LED),88,324,Available,5,139
139282,HISENSE,65U80G,"Australia,New Zealand",163.896,LCD (LED),194.11,812,Available,2.5,164
139223,SAMSUNG ELECTRONICS,HG50Q60AAAW,"Australia,Fiji,New Zealand",125.725,LCD (LED),78,288,Available,4.5,126
139219,SAMSUNG ELECTRONICS,HG43Q60AAAW,"Australia,Fiji,New Zealand",107.95,LCD (LED),69,255,Available,4,108
139179,TCL,55C727,"Australia,Fiji,New Zealand",138.711,LCD (LED),133.1,537,Available,2.5,139
139131,KOGAN,KALED19PRIZB,"Australia,Fiji,New Zealand",47.013,LCD (LED),16.1448,62,Available,5,47
139126,SAMSUNG ELECTRONICS,HG75Q60AAAW,"Australia,Fiji,New Zealand",189.306,LCD (LED),195,715,Available,4,189
139124,SAMSUNG ELECTRONICS,HG65Q60AAAW,"Australia,Fiji,New Zealand",163.829,LCD (LED),104,383,Available,5.5,164
139121,SAMSUNG ELECTRONICS,HG55Q60AAAW,"Australia,Fiji,New Zealand",138.711,LCD (LED),84,310,Available,5,139
139113,HISENSE,85U80G,"Australia,New Zealand",214.783,LCD (LED),270.3,1088,Available,3.5,215
139111,SAMSUNG ELECTRONICS,QA85LS03AAS,"Australia,Fiji,New Zealand",214.783,LCD (LED),225,824,Available,4.5,215
139006,BAUHN,ATV65UHDW-1021,Australia,163.896,LCD (LED),95.274,367,Available,6,164
138960,CHIQ,U43G7H,"Australia,Fiji,New Zealand",107.863,LCD (LED),65,240,Available,4.5,108
138959,CHIQ,L32G7H,"Australia,Fiji,New Zealand",79.967,LCD (LED),28,104,Available,6,80
138942,SHARP,2T-C32BG1X,"Australia,Fiji,New Zealand",80.034,LCD (LED),33.52,125,Available,5,80
138941,SHARP,4T-C60CK1X,"Australia,Fiji,New Zealand",152.663,LCD (LED),128.8,474,Available,4,153
138939,SHARP,4T-C70CK3X,"Australia,Fiji,New Zealand",176.815,LCD (LED),157.82,580,Available,4.5,177
138937,SHARP,8T-C70DW1X,"Australia,Fiji,New Zealand",176.586,LCD (LED),178,653,Available,4,177
138861,KONIC,KUD65MD686AS2,New Zealand,163.896,LCD,122.59,450,Available,5,164
138766,GORILLA,GSTV32TV3,"Australia,Fiji,New Zealand",79.967,LCD (LED),28,104,Available,6,80
138660,GORILLA,GSTV42TV1,"Australia,Fiji,New Zealand",105.348,LCD (LED),43,160,Available,6,105
138623,EKO,K65USW,Australia,163.888,LCD (LED),127.8,510,Available,4.5,164
138617,SAMSUNG ELECTRONICS,QA55QN700AS,"Australia,Fiji,New Zealand",138.711,LCD (LED),198,726,Available,1.5,139
138606,VEON,VN50U22021,New Zealand,125.731,LCD (LED),93.82,380,Available,3.5,126
138576,VEON,VN58U22021N,"Australia,Fiji,New Zealand",146.13,LCD (LED),115.41,450,Available,4,146
138575,VEON,VN55WOS2021,"Australia,Fiji,New Zealand",138.783,LCD (LED),104.9,404,Available,4,139
138574,HISENSE,75U8G,"Australia,New Zealand",189.274,LCD (LED),169.86,683,Available,4.5,189
138457,KOGAN,KALED70UN8910SGA,"Australia,New Zealand",176.564,LCD,140.1,515,Available,5,177
138443,SAMSUNG ELECTRONICS,QA65LS01TAS,"Australia,Fiji,New Zealand",163.829,LCD (LED),125,459,Available,5,164
138188,EKO,K58USW,Australia,146.059,LCD (LED),102.9,378,Available,4.5,146
138187,BLAUPUNKT,BP50WOS,Australia,125.727,LCD (LED),78.3,288,Available,4.5,126
138186,EKO,K85USW,Australia,214.637,LCD (LED),305.2,1116,Available,3,215
138150,EKO,K700USG,"Australia,Fiji",176.505,LCD (LED),160,640,Available,4,177
138118,EKO,K650USG,Australia,163.791,LCD (LED),134.4,580,Available,4,164
138101,TEAC,LE70L521,"Australia,Fiji,New Zealand",176.57,LCD (LED),149.34,560,Available,4.5,177
138090,JVC,AV-HQ657115A,"Australia,Fiji",163.897,LCD (LED),91.7,430,Available,5,164
137962,BAUHN,ATV75UHDW-0621,"Australia,Fiji,New Zealand",189.273,LCD (LED),106.97,393,Available,6,189
137951,LG,65QNED99TPB,"Australia,New Zealand",163.897,LCD (LED),220,805,Available,2.5,164
137950,LG,65QNED96TPA,"Australia,New Zealand",163.897,LCD (LED),164,601,Available,3.5,164
137949,LG,65QNED91TPA,"Australia,New Zealand",163.897,LCD (LED),120,440,Available,5,164
137868,VEON,VN50U22021,"Australia,Fiji,New Zealand",125.731,LCD (LED),93.82,380,Available,3.5,126
137758,VEON,VN58U22021,New Zealand,146.13,LCD (LED),106.5,450,Available,4,146
137751,TOSHIBA,65C350KP,"Australia,New Zealand",163.896,LCD (LED),107.27,453,Available,5,164
137749,TOSHIBA,55C350KP,"Australia,New Zealand",138.783,LCD (LED),81.49,339,Available,5,139
137744,TOSHIBA,43C350KP,"Australia,New Zealand",107.986,LCD (LED),63.45,269,Available,4,108
137740,TOSHIBA,50C350KP,"Australia,New Zealand",125.731,LCD (LED),66.16,280,Available,5,126
137725,LOEWE,BILD v.65,Australia,163.878,OLED,135,517,Available,4.5,164
137683,LG,86UR640S0TD,"Australia,New Zealand",217.425,LCD (LED),241,882,Available,4.5,217
137682,LG,75UR640S0TD,"Australia,New Zealand",189.275,LCD (LED),180,659,Available,4.5,189
137681,LG,65UR640S0TD,"Australia,New Zealand",163.897,LCD (LED),156,572,Available,4,164
137680,LG,55UR640S0TD,"Australia,New Zealand",138.783,LCD (LED),113,415,Available,4,139
137679,LG,50UR640S0TD,"Australia,New Zealand",125.727,LCD (LED),95,349,Available,4,126
137678,LG,43UR640S0TD,"Australia,New Zealand",107.987,LCD (LED),79,291,Available,3.5,108
137622,PHILIPS,19HFL5114W/12,"Australia,Fiji,New Zealand",47.013,LCD (LED),14.61,61,Available,5,47
137608,JVC,AV-HQ557115A,"Australia,Fiji",138.783,LCD (LED),63.94,320,Available,5,139
137578,CAIXUN,"LE-40N1, LE-40F2, LE-40S1","Australia,New Zealand",100.266,LCD,38.82,155,Available,5.5,100
137575,CAIXUN,"LE-43N1, LE-43F2, LE-43S1","Australia,Fiji,New Zealand",107.988,LCD,59.24,220,Available,4.5,108
137550,JVC,AV-HQ507115A,"Australia,Fiji",125.731,LCD (LED),56.97,256,Available,5,126
137536,HISENSE,85U8G,"Australia,New Zealand",214.783,LCD (LED),228.29,952,Available,4,215
137506,KOGAN,KALED32RH9220STB,"Australia,Fiji,New Zealand",79.967,LCD (LED),28,104,Available,6,80
137492,CAIXUN,"LE-32K1, LE-32S1, LE-32F2","Australia,New Zealand",80.19,LCD,25.21,98,Available,6,80
137383,EKO,K550USG,Australia,138.897,LCD (LED),72.3,273,Available,6,139
137382,EKO,K750USG,Australia,189.442,LCD (LED),191.4,758,Available,4,189
137363,HISENSE,85U7G,"Australia,New Zealand",214.783,LCD (LED),227.42,952,Available,4,215
137271,HISENSE,40A4G,"Australia,New Zealand",100.332,LCD (LED),31.27,135,Available,6,100
137248,LG,32LT662MBTB,"Australia,New Zealand",80.043,LCD (LED),33,123,Available,5,80
137247,LG,70UP8050PVB,"Australia,New Zealand",176.564,LCD (LED),153,561,Available,4.5,177
137205,HISENSE,43A7G,"Australia,New Zealand",107.986,LCD (LED),57.75,240,Available,4.5,108
137166,HISENSE,65U7G,"Australia,New Zealand",163.896,LCD (LED),119.45,492,Available,4.5,164
137164,CHIQ,U65G7H,"Australia,Fiji,New Zealand",163.829,LCD (LED),138,506,Available,4.5,164
137163,CHIQ,U55G7H,"Australia,Fiji,New Zealand",138.711,LCD (LED),95,349,Available,4.5,139
137162,CHIQ,U50G7H,"Australia,Fiji,New Zealand",125.725,LCD (LED),72,265,Available,5,126
137098,HISENSE,75U90G,"Australia,New Zealand",189.34,LCD (LED),284.19,1190,Available,2,189
137088,FURRION,FDFD24A0D,"Australia,Fiji,New Zealand",60.468,LCD,22,85,Available,5,60
137053,HISENSE,65U8G,"Australia,New Zealand",163.896,LCD,151.23,638,Available,3.5,164
137047,LINSAR,LS70UHDNF,Australia,176.563,LCD (LED),111.08,429,Available,6,177
137043,HISENSE,55U8G,Australia,138.783,LCD (LED),111.93,468,Available,3.5,139
137016,PHILIPS,65HFL2899T/79,"Australia,Fiji,New Zealand",163.896,LCD (LED),70.4,295,Available,7,164
136970,PHILIPS,55HFL2899T/79,"Australia,Fiji,New Zealand",138.783,LCD (LED),57,238,Available,6,139
136962,HISENSE,75U7G,"Australia,New Zealand",189.34,LCD (LED),173.3,684,Available,4.5,189
136932,LG,75QNED96TPA,"Australia,New Zealand",189.275,LCD (LED),192,703,Available,4,189
136914,SAMSUNG ELECTRONICS,QA75QN700A,"Australia,Fiji,New Zealand",189.306,LCD (LED),242,886,Available,3,189
136903,SAMSUNG ELECTRONICS,QA65QN700A,"Australia,Fiji,New Zealand",163.829,LCD (LED),220,806,Available,2.5,164
136860,EKO,K70USW,Australia,176.566,LCD (LED),139.54,572,Available,4.5,177
136836,KOGAN,KAQLED75XR9510STB,"Australia,Fiji,New Zealand",189.306,LCD (LED),171,627,Available,4.5,189
136831,KOGAN,KALED50XU9220STC,"Australia,Fiji,New Zealand",125.638,LCD (LED),77,284,Available,5,126
136819,KOGAN,KALED50XU9210STD,"Australia,Fiji,New Zealand",125.638,LCD (LED),77,284,Available,5,126
136818,PHILIPS,65OLED935/79,"Australia,Fiji,New Zealand",163.897,OLED,251.06,1011,Available,1.5,164
136794,LG,86QNED91TPA,"Australia,New Zealand",217.425,LCD (LED),212,776,Available,5,217
136790,VEON,VN58U22021,"Australia,Fiji,New Zealand",146.13,LCD (LED),106.5,450,Available,4,146
136772,SONY,XR-85X95J,"Australia,New Zealand",214.783,LCD,221,818,Available,4.5,215
136770,SONY,XR-75X95J,"Australia,New Zealand",189.306,LCD,206,763,Available,4,189
136769,SONY,XR-65X95J,"Australia,New Zealand",163.878,LCD,173,642,Available,3.5,164
136722,HISENSE,75A7G,"Australia,New Zealand",189.274,LCD (LED),125.66,528,Available,5.5,189
136716,SKYWORTH,86SUC****,"Australia,Fiji,New Zealand",217.427,LCD (LED),214.72,893,Available,4.5,217
136713,SKYWORTH,55SUC****,"Australia,Fiji,New Zealand",138.783,LCD (LED),78.8,303,Available,5.5,139
136702,VEON,VN65ID7021,New Zealand,163.791,LCD (LED),134.4,580,Available,4,164
136701,JVC,JV50ID7A2021Q,New Zealand,125.676,LCD (LED),95.2,380,Available,3.5,126
136677,LG,75QNED91TPA,"Australia,New Zealand",189.275,LCD (LED),162,594,Available,5,189
136676,LG,86QNED99TPB,"Australia,New Zealand",217.425,LCD (LED),350,1280,Available,2.5,217
136675,LG,75QNED99TPB,"Australia,New Zealand",189.275,LCD (LED),247,904,Available,3,189
136669,DEVANTI,STV-311W-UHD-75,"Australia,Fiji,New Zealand",189.34,LCD (LED),203.37,760,Available,4,189
136653,HISENSE,55U7G,"Australia,New Zealand",138.548,LCD (LED),96.71,380,Available,4.5,139
136650,HISENSE,32A4G,"Australia,New Zealand",80.04,LCD (LED),25.93,104,Available,6,80
136646,LINSAR,LS65UHDNF,"Australia,Fiji,New Zealand",163.896,LCD (LED),92.66,371,Available,6,164
136638,KOGAN,KALED70TU9220SKA,"Australia,Fiji,New Zealand",176.555,LCD (LED),135.48,550,Available,4.5,177
136610,LINSAR,LS82UHDNF,"Australia,Fiji,New Zealand",207.183,LCD (LED),168.2,651,Available,5.5,207
136492,PHILIPS,55OLED935/79,"Australia,Fiji,New Zealand",138.798,OLED,205.62,829,Available,1,139
136451,DEVANTI,STV-316W-UHD-65,"Australia,Fiji,New Zealand",163.896,LCD (LED),151.11,554,Available,4,164
136407,HISENSE,55A7G,"Australia,New Zealand",138.783,LCD (LED),75.31,304,Available,5.5,139
136391,HISENSE,50A7G,"Australia,New Zealand",125.731,LCD (LED),61.76,254,Available,5.5,126
136372,HISENSE,65A7G,"Australia,New Zealand",163.896,LCD (LED),107.54,458,Available,5,164
136332,SONY,KD-85X85J,"Australia,New Zealand",214.783,LCD (LED),239.8,882,Available,4,215
136322,SONY,KD-65X85J,"Australia,New Zealand",163.878,LCD (LED),147.1,544,Available,4,164
136321,SONY,KD-55X85J,"Australia,New Zealand",138.798,LCD (LED),118.7,440,Available,3.5,139
136319,SONY,KD-43X85J,"Australia,New Zealand",107.95,LCD (LED),78.8,293,Available,3.5,108
136291,KOGAN,KALED55XG9410SKA,"Australia,Fiji,New Zealand",138.783,LCD (LED),78.8,330,Available,5,139
136262,BLAUPUNKT,BP580USG9300,"Australia,Fiji,New Zealand",146.068,LCD (LED),98.85,370,Available,5,146
136260,HYUNDAI,H75WK31,"Australia,Fiji,New Zealand",189.274,LCD (LED),201.04,750,Available,4,189
136258,SAMSUNG ELECTRONICS,BE75A-H,"Australia,Fiji,New Zealand",189.306,LCD (LED),143,525,Available,5.5,189
136257,SAMSUNG ELECTRONICS,BE65A-H,"Australia,Fiji,New Zealand",163.829,LCD (LED),116,426,Available,5,164
136255,SAMSUNG ELECTRONICS,BE55A-H,"Australia,Fiji,New Zealand",138.711,LCD (LED),84,310,Available,5,139
136250,SAMSUNG ELECTRONICS,BE50A-H,"Australia,Fiji,New Zealand",125.725,LCD (LED),91,335,Available,4,126
136246,SAMSUNG ELECTRONICS,BE43A-H,"Australia,Fiji,New Zealand",107.95,LCD (LED),69,255,Available,4,108
136244,TEAC,LE75L521,"Australia,Fiji,New Zealand",189.274,LCD (LED),201.04,750,Available,4,189
136230,KOGAN,*****65*****,"Australia,Fiji,New Zealand",163.896,LCD (LED),91.4,385,Available,5.5,164
136217,SAMSUNG ELECTRONICS,QA50Q80AAS,"Australia,Fiji,New Zealand",125.725,LCD (LED),128,470,Available,2.5,126
136215,KOGAN,LE-55 series,"Australia,Fiji,New Zealand",138.783,LCD (LED),80.2,320,Available,5,139
136208,LG,OLED48A1PVA,"Australia,New Zealand",120.721,OLED,76,280,Available,4.5,121
136207,LG,OLED48A1PTA,"Australia,New Zealand",120.721,OLED,76,280,Available,4.5,121
136092,BAUHN,ATV70UHDW-0321,Australia,176.57,LCD,99.75,405,Available,6,177
136085,SAMSUNG ELECTRONICS,QA85QN90AA,"Australia,Fiji,New Zealand",214.783,LCD (LED),258,945,Available,4,215
136071,LG,OLED83C1PVA,"Australia,New Zealand",209.585,OLED,200,732,Available,5,210
136070,LG,OLED83C1PTA,"Australia,New Zealand",209.585,OLED,200,732,Available,5,210
136069,LG,OLED65B1PVA,"Australia,New Zealand",163.897,OLED,125,459,Available,5,164
136068,LG,OLED55B1PVA,"Australia,New Zealand",138.783,OLED,106,389,Available,4,139
135990,JVC,AV-H657115A,"Australia,Fiji",163.791,LCD (LED),134.4,580,Available,4,164
135986,JVC,AV-H587115A,"Australia,Fiji",145.865,LCD (LED),105.8,468,Available,4,146
135984,JVC,AV-H437115A,"Australia,Fiji",107.901,LCD (LED),58,235,Available,4.5,108
135979,BAUHN,ATV58UHDW-0421,Australia,146.068,LCD (LED),76.37,301,Available,6,146
135968,BLAUPUNKT,BP580USG9300,Australia,146.059,LCD (LED),98.85,370,Available,5,146
135954,EKO,K65USG,Australia,163.888,LCD (LED),129.96,485,Available,4.5,164
135953,EKO,K58USG,Australia,146.059,LCD (LED),98.85,370,Available,5,146
135952,EKO,K75USW,Australia,189.266,LCD (LED),204.42,760,Available,4,189
135944,SAMSUNG ELECTRONICS,QA50LS01TA,"Australia,Fiji,New Zealand",125.725,LCD (LED),91,335,Available,4,126
135943,JVC,AV-H323115A,"Australia,Fiji",80.054,LCD (LED),26,130,Available,5,80
135817,SAMSUNG ELECTRONICS,QA65QN90AA,"Australia,Fiji,New Zealand",163.829,LCD (LED),203,744,Available,2.5,164
135811,DGTEC,DG65UHDNF,"Australia,Fiji,New Zealand",163.896,LCD (LED),93.528,362,Available,6,164
135734,SONY,XR-85Z9J,"Australia,New Zealand",214.783,LCD (LED),412,1520,Available,2,215
135667,BLAUPUNKT,BP750USG9700Q,Australia,189.1,LCD (LED),126,485,Available,6,189
135666,BLAUPUNKT,BP750USG9500,Australia,189.442,LCD (LED),191.4,758,Available,4,189
135658,BLAUPUNKT,BP650USG9500,Australia,163.791,LCD (LED),134.4,580,Available,4,164
135657,BLAUPUNKT,BP650USG9700Q,Australia,163.927,LCD (LED),96.9,370,Available,6,164
135654,BLAUPUNKT,BP580USG9700Q,Australia,145.82,LCD (LED),75.7,298,Available,6,146
135652,BLAUPUNKT,BP580USG9500,Australia,145.865,LCD (LED),105.8,468,Available,4,146
135641,SONIQ,W65UV40A,"Australia,New Zealand",163.965,LCD,132.4,490,Available,4.5,164
135639,SONIQ,E42FV40A,"Australia,New Zealand",105.659,LCD,46.6,178,Available,5.5,106
135630,SONY,XR-75X90J,"Australia,New Zealand",189.306,LCD (LED),193.3,715,Available,4,189
135629,SONY,XR-65X90J,"Australia,New Zealand",163.878,LCD (LED),158.9,590,Available,3.5,164
135628,SONY,XR-55X90J,"Australia,New Zealand",138.798,LCD (LED),130.7,487,Available,3,139
135627,SONY,XR-50X90J,"Australia,New Zealand",125.725,LCD (LED),112.6,421,Available,3,126
135623,SONY,XR-77A80J,"Australia,New Zealand",194.726,LCD (LED),187.3,693,Available,4.5,195
135622,SONY,XR-65A80J,"Australia,New Zealand",163.878,LCD (LED),149.2,553,Available,4,164
135621,SONY,XR-55A80J,"Australia,New Zealand",138.798,LCD (LED),122,454,Available,3.5,139
135559,POLAROID,PL55UHDOS,Australia,138.783,LCD,77.2,294,Available,5.5,139
135545,SONY,XR-65A90J,"Australia,New Zealand",163.878,LCD (LED),138.7,514,Available,4.5,164
135535,AKAI,AK6521NF,"Australia,Fiji,New Zealand",163.896,LCD (LED),93.528,362,Available,6,164
135509,SAMSUNG ELECTRONICS,UA75AU7000,"Australia,Fiji,New Zealand",189.306,LCD (LED),143,525,Available,5.5,189
135504,SAMSUNG ELECTRONICS,UA65AU7000,"Australia,Fiji,New Zealand",163.829,LCD (LED),116,426,Available,5,164
135503,SAMSUNG ELECTRONICS,UA58AU7000,"Australia,Fiji,New Zealand",146.039,LCD (LED),94,346,Available,5,146
135502,SAMSUNG ELECTRONICS,UA55AU7000,"Australia,Fiji,New Zealand",138.711,LCD (LED),84,310,Available,5,139
135497,SAMSUNG ELECTRONICS,UA50AU7000,"Australia,Fiji,New Zealand",125.725,LCD (LED),91,335,Available,4,126
135491,SAMSUNG ELECTRONICS,UA43AU7000,"Australia,Fiji,New Zealand",107.95,LCD (LED),69,255,Available,4,108
135489,SAMSUNG ELECTRONICS,QA75QN90AA,"Australia,Fiji,New Zealand",189.306,LCD (LED),198,726,Available,4,189
135487,SAMSUNG ELECTRONICS,QA50QN90AA,"Australia,Fiji,New Zealand",125.725,LCD (LED),108,397,Available,3.5,126
135485,SAMSUNG ELECTRONICS,QA75QN85AA,"Australia,Fiji,New Zealand",189.306,LCD (LED),165,605,Available,5,189
135483,SAMSUNG ELECTRONICS,QA85QN85AA,"Australia,Fiji,New Zealand",214.783,LCD (LED),192,704,Available,5,215
135479,SAMSUNG ELECTRONICS,QA55QN90AA,"Australia,Fiji,New Zealand",138.711,LCD (LED),148,543,Available,2.5,139
135478,SAMSUNG ELECTRONICS,QA55QN85AA,"Australia,Fiji,New Zealand",138.711,LCD (LED),132,485,Available,3,139
135438,SAMSUNG ELECTRONICS,QA65QN800A,"Australia,Fiji,New Zealand",163.829,LCD (LED),297,1087,Available,1,164
135437,SAMSUNG ELECTRONICS,QA75QN800A,"Australia,Fiji,New Zealand",189.306,LCD (LED),336,1229,Available,1.5,189
135436,SAMSUNG ELECTRONICS,QA85QN800A,"Australia,Fiji,New Zealand",214.783,LCD (LED),396,1448,Available,2,215
135434,SAMSUNG ELECTRONICS,QA85QN900A,"Australia,Fiji,New Zealand",214.783,LCD (LED),440,1609,Available,1.5,215
135432,SAMSUNG ELECTRONICS,QA65QN900A,"Australia,Fiji,New Zealand",163.829,LCD (LED),308,1127,Available,1,164
135431,SAMSUNG ELECTRONICS,QA75QN900A,"Australia,Fiji,New Zealand",189.306,LCD (LED),396,1448,Available,1,189
135425,SAMSUNG ELECTRONICS,UA43AU9000S,"Australia,Fiji,New Zealand",107.95,LCD (LED),99,364,Available,2.5,108
135422,SAMSUNG ELECTRONICS,UA60AU8000S,"Australia,Fiji,New Zealand",152.591,LCD (LED),117,430,Available,4.5,153
135420,SAMSUNG ELECTRONICS,UA43AU8000,"Australia,Fiji,New Zealand",107.95,LCD (LED),70,259,Available,4,108
135419,SAMSUNG ELECTRONICS,UA85AU8000,"Australia,Fiji,New Zealand",214.783,LCD (LED),199,729,Available,5,215
135418,SAMSUNG ELECTRONICS,UA75AU8000,"Australia,Fiji,New Zealand",189.306,LCD (LED),155,569,Available,5,189
135416,SAMSUNG ELECTRONICS,UA65AU8000,"Australia,Fiji,New Zealand",163.829,LCD (LED),117,430,Available,5,164
135415,SAMSUNG ELECTRONICS,UA55AU8000,"Australia,Fiji,New Zealand",138.711,LCD (LED),111,408,Available,4,139
135403,KOGAN,KALED58TU****SKA,"Australia,Fiji,New Zealand",146.068,LCD (LED),71.24,336,Available,5.5,146
135366,EKO,K580USN,Australia,146.059,LCD (LED),97.1,357,Available,5,146
135360,AIWA,AWA320S,"Australia,Fiji",79.967,LCD (LED),28,104,Available,6,80
135358,AIWA,AWA500US,"Australia,Fiji",125.725,LCD (LED),72,265,Available,5,126
135357,AIWA,AWA400S,"Australia,Fiji",100.305,LCD (LED),36.8,148,Available,6,100
135327,HISENSE,75U80G,"Australia,New Zealand",189.34,LCD (LED),260.42,1060,Available,2.5,189
135300,LG,86NANO99TPA,"Australia,New Zealand",217.425,LCD (LED),454,1660,Available,1.5,217
135247,SONY,KD-75X80J,"Australia,New Zealand",189.306,LCD (LED),194.8,717,Available,4,189
135227,KOGAN,KAQLED50XT9510STA,"Australia,Fiji,New Zealand",125.638,LCD,83,313,Available,4.5,126
135214,AKAI,AK5521NF,"Australia,Fiji,New Zealand",138.783,LCD (LED),68.7096,267,Available,6,139
135190,LG,OLED88Z1PTA,"Australia,New Zealand",222.494,OLED,320,1170,Available,3,222
135189,LG,OLED77Z1PTA,"Australia,New Zealand",194.738,OLED,272,995,Available,3,195
135188,LG,OLED65R1PTA,"Australia,New Zealand",163.897,OLED,154,565,Available,4,164
135187,LG,OLED65A1PVA,"Australia,New Zealand",163.897,OLED,118,433,Available,5,164
135186,LG,OLED65A1PTA,"Australia,New Zealand",163.897,OLED,118,433,Available,5,164
135185,LG,OLED55A1PVA,"Australia,New Zealand",138.783,OLED,93,342,Available,4.5,139
135184,LG,OLED55A1PTA,"Australia,New Zealand",138.783,OLED,93,342,Available,4.5,139
135163,PHILIPS,43HFL6114U/12,"Australia,Fiji,New Zealand",107.987,LCD,57.79,234,Available,4.5,108
135162,PHILIPS,43HFL5114U/12,"Australia,Fiji,New Zealand",107.987,LCD (LED),55.81,226,Available,4.5,108
135161,PHILIPS,43HFL5114/12,"Australia,Fiji",107.947,LCD (LED),41.94,170,Available,6,108
135160,PHILIPS,32HFL5114/12,"Australia,Fiji,New Zealand",80.133,LCD (LED),27.83,114,Available,5.5,80
135159,SONIQ,E65UV42A,"Australia,New Zealand",166.971,LCD,104.4,391,Available,6,167
135157,SONIQ,G58UW40A,"Australia,New Zealand",146.027,LCD,90.6,337,Available,5,146
135152,JVC,LT-58N7115A,"Australia,Fiji",145.865,LCD,105.8,468,Available,4,146
135142,SAMSUNG ELECTRONICS,UA65AU9000S,"Fiji,New Zealand",163.829,LCD (LED),117,430,Available,5,164
135141,SAMSUNG ELECTRONICS,UA55AU9000S,"Australia,Fiji,New Zealand",138.711,LCD (LED),112,412,Available,4,139
135140,SAMSUNG ELECTRONICS,UA50AU9000S,"Australia,Fiji,New Zealand",125.725,LCD (LED),92,339,Available,4,126
135137,SAMSUNG ELECTRONICS,UA50AU8000,"Australia,Fiji,New Zealand",125.725,LCD (LED),92,339,Available,4,126
135136,SAMSUNG ELECTRONICS,QA85Q70AAS,"Australia,Fiji,New Zealand",214.783,LCD (LED),220,806,Available,4.5,215
135134,TECO,LED22JFRHU,"Australia,Fiji,New Zealand",54.687,LCD (LED),18.64,76,Available,4.5,55
135133,SAMSUNG ELECTRONICS,QA75LS03AAS,"Australia,Fiji,New Zealand",189.306,LCD (LED),187,686,Available,4,189
135132,SAMSUNG ELECTRONICS,QA55LS03AAS,"Australia,Fiji,New Zealand",138.711,LCD (LED),137,503,Available,3,139
135131,SAMSUNG ELECTRONICS,QA50LS03AAS,"Australia,Fiji,New Zealand",125.725,LCD (LED),96,353,Available,4,126
135130,SAMSUNG ELECTRONICS,QA43LS03AAS,"Australia,Fiji,New Zealand",107.95,LCD (LED),92,339,Available,3,108
135051,SONIQ,G50UW40A,"Australia,New Zealand",126.133,LCD,83.5,311,Available,4.5,126
135046,SAMSUNG ELECTRONICS,QA65LS03AAS,"Australia,Fiji,New Zealand",163.829,LCD (LED),154,565,Available,4,164
135045,SAMSUNG ELECTRONICS,QA55Q80AAS,"Australia,Fiji,New Zealand",138.711,LCD (LED),154,565,Available,2.5,139
135044,SAMSUNG ELECTRONICS,QA55Q70AAS,"Australia,Fiji,New Zealand",138.711,LCD (LED),112,412,Available,4,139
135042,SAMSUNG ELECTRONICS,QA50Q60AAS,"Australia,Fiji,New Zealand",125.725,LCD (LED),79,291,Available,4.5,126
135038,SAMSUNG ELECTRONICS,QA65Q80AAS,"Australia,Fiji,New Zealand",163.829,LCD (LED),203,744,Available,2.5,164
135006,TECO,LED32JHRDHU,"Australia,Fiji,New Zealand",80.039,LCD (LED),36.88,140,Available,4.5,80
135003,TECO,LED24JFRDHU,"Australia,Fiji,New Zealand",60.47,LCD (LED),17.48,70,Available,5.5,60
135002,SAMSUNG ELECTRONICS,QA75Q70AAS,"Australia,Fiji,New Zealand",189.306,LCD (LED),170,624,Available,4.5,189
135001,TECO,LED19JHRDHU,"Australia,Fiji,New Zealand",47.013,LCD (LED),18.49,75,Available,4,47
134998,TECO,LED19JHRHU,"Australia,Fiji,New Zealand",47.013,LCD (LED),18.47,75,Available,4,47
134994,SONY,KD-43X80J,"Australia,New Zealand",107.95,LCD (LED),65.1,243,Available,4,108
134988,LG,55UP7750PVG,"Australia,New Zealand",138.783,LCD (LED),115,422,Available,4,139
134987,LG,55NANO77TPA,"Australia,New Zealand",138.783,LCD (LED),112,411,Available,4,139
134986,LG,50UP7750PVG,"Australia,New Zealand",125.727,LCD (LED),92,338,Available,4,126
134985,LG,50NANO77TPA,"Australia,New Zealand",125.727,LCD (LED),90,331,Available,4,126
134984,LG,43UP7750PVG,"Australia,New Zealand",107.987,LCD (LED),78,287,Available,3.5,108
134983,LG,43NANO77TPA,"Australia,New Zealand",107.987,LCD (LED),79,291,Available,3.5,108
134982,LG,43NANO75VPA,"Australia,New Zealand",107.987,LCD (LED),79,291,Available,3.5,108
134981,LG,43NANO75TPA,"Australia,New Zealand",107.987,LCD (LED),79,291,Available,3.5,108
134980,LG,75UP7550PVC,"Australia,New Zealand",189.275,LCD (LED),171,627,Available,4.5,189
134979,LG,75NANO75VPA,"Australia,New Zealand",189.275,LCD (LED),182,667,Available,4.5,189
134978,LG,75NANO75TPA,"Australia,New Zealand",189.275,LCD (LED),182,667,Available,4.5,189
134977,LG,70UP7550PVD,"Australia,New Zealand",176.564,LCD (LED),161,590,Available,4.5,177
134976,LG,65UP7550PVG,"Australia,New Zealand",163.897,LCD (LED),145,532,Available,4,164
134975,LG,65NANO77TPA,"Australia,New Zealand",163.897,LCD (LED),144,528,Available,4,164
134974,LG,65NANO75VPA,"Australia,New Zealand",163.897,LCD (LED),144,528,Available,4,164
134973,LG,65NANO75TPA,"Australia,New Zealand",163.897,LCD (LED),144,528,Available,4,164
134909,PHILIPS,55HFL6114U/12,"Australia,Fiji,New Zealand",138.783,LCD (LED),78.97,319,Available,5,139
134907,PHILIPS,58BFL2114/12,"Australia,Fiji,New Zealand",146.068,LCD (LED),79.65,322,Available,5.5,146
134904,SAMSUNG ELECTRONICS,QA65QN85AAS,"Australia,Fiji,New Zealand",163.829,LCD (LED),152,558,Available,4,164
134903,SAMSUNG ELECTRONICS,QA65Q70AAS,"Australia,Fiji,New Zealand",163.829,LCD (LED),148,543,Available,4,164
134902,SAMSUNG ELECTRONICS,QA43Q60AAS,"Australia,Fiji,New Zealand",107.95,LCD (LED),69,255,Available,4,108
134901,SAMSUNG ELECTRONICS,QA85Q60AAS,"Australia,Fiji,New Zealand",214.783,LCD (LED),176,645,Available,5.5,215
134900,SAMSUNG ELECTRONICS,QA75Q60AAS,"Australia,Fiji,New Zealand",189.306,LCD (LED),146,536,Available,5.5,189
134883,PHILIPS,50HFL5114U/12,"Australia,Fiji,New Zealand",125.727,LCD (LED),65.77,266,Available,5,126
134877,PHILIPS,65HFL6114U/12,"Australia,Fiji,New Zealand",163.897,LCD (LED),98.76,399,Available,5.5,164
134875,PHILIPS,50HFL6114U/12,"Australia,Fiji,New Zealand",125.727,LCD (LED),64.72,262,Available,5,126
134874,PHILIPS,65BFL2114/12,"Australia,Fiji,New Zealand",163.897,LCD (LED),93.64,379,Available,5.5,164
134836,BAUHN,ATV24FHDC-0221,"Australia,Fiji,New Zealand",60.47,LCD (LED),14.83,67,Available,6,60
134818,TEAC,LEV32A121,"Australia,Fiji,New Zealand",80.043,LCD,29.5,127,Available,5,80
134758,KOGAN,KALED24EH6200QC,"Australia,Fiji,New Zealand",59.824,LCD (LED),20.77,77,Available,5,60
134713,SAMSUNG ELECTRONICS,QA65Q60AAS,"Australia,Fiji,New Zealand",163.829,LCD (LED),117,430,Available,5,164
134702,LG,75NANO99TPA,"Australia,New Zealand",189.275,LCD (LED),321,1174,Available,2,189
134701,LG,65UP8000PTB,"Australia,New Zealand",163.897,LCD (LED),144,528,Available,4,164
134700,LG,55UP8000PTB,"Australia,New Zealand",138.783,LCD (LED),115,422,Available,4,139
134699,LG,55NANO75VPA,"Australia,New Zealand",138.783,LCD (LED),112,411,Available,4,139
134698,LG,55NANO75TPA,"Australia,New Zealand",138.783,LCD (LED),112,411,Available,4,139
134697,LG,50UP8000PTB,"Australia,New Zealand",125.727,LCD (LED),93,342,Available,4,126
134696,LG,43UP8000PTB,"Australia,New Zealand",107.987,LCD (LED),78,287,Available,3.5,108
134695,LG,75UP8000PTB,"Australia,New Zealand",189.275,LCD (LED),169,619,Available,4.5,189
134688,KOGAN,KALED50NU8030SVA,"Australia,Fiji,New Zealand",125.731,LCD (LED),67.14,260,Available,5,126
134594,SAMSUNG ELECTRONICS,QA55Q60AAS,"Australia,Fiji,New Zealand",138.798,LCD (LED),85,313,Available,5,139
134585,LG,65NANO95VPA,"Australia,New Zealand",163.897,LCD (LED),193,707,Available,3,164
134584,LG,65NANO95TPA,"Australia,New Zealand",163.897,LCD (LED),193,707,Available,3,164
134583,LG,65NANO80VPA,"Australia,New Zealand",163.897,LCD (LED),110,404,Available,5.5,164
134582,LG,65NANO80TPA,"Australia,New Zealand",163.897,LCD (LED),110,404,Available,5.5,164
134581,LG,55NANO80VPA,"Australia,New Zealand",138.783,LCD (LED),91,335,Available,5,139
134580,LG,55NANO80TPA,"Australia,New Zealand",138.783,LCD (LED),91,335,Available,5,139
134579,LG,50NANO80VPA,"Australia,New Zealand",125.727,LCD (LED),73,269,Available,5,126
134578,LG,50NANO80TPA,"Australia,New Zealand",125.727,LCD (LED),73,269,Available,5,126
134548,LG,OLED77C1PVB,"Australia,New Zealand",194.738,OLED,169,619,Available,5,195
134547,LG,OLED77C1PTB,"Australia,New Zealand",194.738,OLED,169,619,Available,5,195
134546,LG,86NANO75VPA,"Australia,New Zealand",217.425,LCD (LED),250,915,Available,4,217
134545,LG,86NANO75TPA,"Australia,New Zealand",217.425,LCD (LED),250,915,Available,4,217
134494,JVC,LT-58N7105AS,"Australia,Fiji",146.068,LCD (LED),97.3,357,Available,5,146
134458,ELITELUX,US58UHD20G10,"Australia,Fiji,New Zealand",146.068,LCD (LED),90.21,343,Available,5,146
134365,LG,OLED48C1PVB,"Australia,New Zealand",120.721,OLED,89,327,Available,4,121
134364,LG,OLED48C1PTB,"Australia,New Zealand",120.721,OLED,89,327,Available,4,121
134316,LG,82UP8000PTB,"Australia,New Zealand",207.145,LCD (LED),211,773,Available,4.5,207
134315,LG,75UP8050PVB,"Australia,New Zealand",189.275,LCD (LED),169,619,Available,4.5,189
134314,LG,75NANO95VPA,"Australia,New Zealand",189.275,LCD (LED),200,732,Available,4,189
134313,LG,75NANO95TPA,"Australia,New Zealand",189.275,LCD (LED),200,732,Available,4,189
134312,LG,65UP8150PVB,"Australia,New Zealand",163.897,LCD (LED),144,528,Available,4,164
134311,LG,65NANO99TPA,"Australia,New Zealand",163.897,LCD (LED),288,1054,Available,1,164
134310,LG,55UP8150PVB,"Australia,New Zealand",138.783,LCD (LED),115,422,Available,4,139
134309,LG,50UP8150PVB,"Australia,New Zealand",125.727,LCD (LED),93,342,Available,4,126
134308,LG,43UP8150PVB,"Australia,New Zealand",107.987,LCD (LED),78,287,Available,3.5,108
134307,LG,75UP7750PVB,"Australia,New Zealand",189.275,LCD (LED),165,605,Available,5,189
134306,LG,70UP7750PVB,"Australia,New Zealand",176.564,LCD (LED),154,565,Available,4.5,177
134305,LG,65UP7750PVB,"Australia,New Zealand",163.897,LCD (LED),122,448,Available,5,164
134304,LG,65UP7750PTB,"Australia,New Zealand",163.897,LCD (LED),122,448,Available,5,164
134303,LG,50UP7750PVB,"Australia,New Zealand",125.727,LCD (LED),78,287,Available,4.5,126
134302,LG,50UP7750PTB,"Australia,New Zealand",125.727,LCD (LED),78,287,Available,4.5,126
134301,LG,43UP7750PVB,"Australia,New Zealand",107.987,LCD (LED),76,280,Available,3.5,108
134300,LG,43UP7750PTB,"Australia,New Zealand",107.987,LCD (LED),76,280,Available,3.5,108
134299,LG,OLED65G1PVA,"Australia,New Zealand",163.897,OLED,131,481,Available,4.5,164
134298,LG,OLED65G1PTA,"Australia,New Zealand",163.897,OLED,131,481,Available,4.5,164
134297,LG,OLED55G1PVA,"Australia,New Zealand",138.783,OLED,111,408,Available,4,139
134296,LG,OLED55G1PTA,"Australia,New Zealand",138.783,OLED,111,408,Available,4,139
134295,LG,86UP8050PVB,"Australia,New Zealand",217.425,LCD (LED),250,915,Available,4,217
134294,LG,86UP8000PTB,"Australia,New Zealand",217.425,LCD (LED),250,915,Available,4,217
134293,LG,86NANO86TPA,"Australia,New Zealand",217.425,LCD (LED),256,937,Available,4,217
134292,LG,86NANO85VPA,"Australia,New Zealand",217.425,LCD (LED),256,937,Available,4,217
134274,PHILIPS,55PUT7805/79,"Australia,Fiji,New Zealand",138.783,LCD (LED),91.56,370,Available,4.5,139
134273,PHILIPS,65PUT7805/79,"Australia,Fiji,New Zealand",163.897,LCD (LED),114.85,464,Available,5,164
134267,PHILIPS,86PUT8265/79,"Australia,Fiji,New Zealand",217.429,LCD (LED),218.95,882,Available,4.5,217
134223,KOGAN,KALED24EH7510SPA,"Australia,Fiji,New Zealand",61.633,LCD,25.08,100,Available,4,62
134222,THOMSON,STVLED43FHDA,"Australia,Fiji,New Zealand",107.951,LCD (LED),40.27,149,Available,6,108
134066,JVC,JV50ID7A2020Q,New Zealand,125.676,LCD (LED),95.2,380,Available,3.5,126
134062,AIWA,AWA550US,"Australia,Fiji",138.711,LCD,87,320,Available,5,139
134043,LG,75NANO86TPA,"Australia,New Zealand",189.275,LCD (LED),147,539,Available,5.5,189
134042,LG,75NANO85VPA,"Australia,New Zealand",189.275,LCD (LED),147,539,Available,5.5,189
134041,LG,65NANO91VPA,"Australia,New Zealand",163.897,LCD (LED),156,572,Available,4,164
134040,LG,65NANO91TPA,"Australia,New Zealand",163.897,LCD (LED),156,572,Available,4,164
134010,KOGAN,KALED65XU9220STA,"Australia,Fiji,New Zealand",163.829,LCD,104,382,Available,5.5,164
134009,PHILIPS,75PUT8265/79,"Australia,Fiji,New Zealand",189.275,LCD (LED),145.65,587,Available,5,189
134008,PHILIPS,70PUT7805/79,"Australia,Fiji,New Zealand",176.574,LCD (LED),130.9,528,Available,5,177
134003,LG,OLED77G1PVA,"Australia,New Zealand",194.738,OLED,174,638,Available,5,195
134002,LG,OLED77G1PTA,"Australia,New Zealand",194.738,OLED,174,638,Available,5,195
134001,LG,OLED65C1PVB,"Australia,New Zealand",163.897,OLED,130,477,Available,4.5,164
134000,LG,OLED65C1PTB,"Australia,New Zealand",163.897,OLED,130,477,Available,4.5,164
133999,LG,OLED65B1PTA,"Australia,New Zealand",163.897,OLED,125,459,Available,5,164
133998,LG,OLED55C1PVB,"Australia,New Zealand",138.783,OLED,109,400,Available,4,139
133997,LG,OLED55C1PTB,"Australia,New Zealand",138.783,OLED,109,400,Available,4,139
133996,LG,OLED55B1PTA,"Australia,New Zealand",138.783,OLED,106,389,Available,4,139
133995,LG,86NANO91VPA,"Australia,New Zealand",217.425,LCD (LED),256,937,Available,4,217
133994,LG,86NANO91TPA,"Australia,New Zealand",217.425,LCD (LED),256,937,Available,4,217
133993,LG,75NANO91VPA,"Australia,New Zealand",189.275,LCD (LED),168,616,Available,4.5,189
133992,LG,75NANO91TPA,"Australia,New Zealand",189.275,LCD (LED),168,616,Available,4.5,189
133991,LG,75NANO80VPA,"Australia,New Zealand",189.275,LCD (LED),137,503,Available,5.5,189
133990,LG,75NANO80TPA,"Australia,New Zealand",189.275,LCD (LED),137,503,Available,5.5,189
133989,LG,65NANO86VPA,"Australia,New Zealand",163.897,LCD (LED),118,433,Available,5,164
133988,LG,65NANO86TPA,"Australia,New Zealand",163.897,LCD (LED),118,433,Available,5,164
133987,LG,55UP7750PVB,"Australia,New Zealand",138.783,LCD (LED),97,357,Available,4.5,139
133986,LG,55UP7750PTB,"Australia,New Zealand",138.783,LCD (LED),97,357,Available,4.5,139
133985,LG,55NANO91VPA,"Australia,New Zealand",138.783,LCD (LED),113,415,Available,4,139
133984,LG,55NANO86VPA,"Australia,New Zealand",138.783,LCD (LED),94,346,Available,4.5,139
133983,EKO,K75USG,Australia,189.266,LCD (LED),167.74,720,Available,4,189
133982,LG,55NANO86TPA,"Australia,New Zealand",138.783,LCD (LED),94,346,Available,4.5,139
133981,LG,50NANO86TPA,"Australia,New Zealand",125.727,LCD (LED),80,295,Available,4.5,126
133980,LG,50NANO75VPA,"Australia,New Zealand",125.727,LCD (LED),90,331,Available,4,126
133979,LG,50NANO75TPA,"Australia,New Zealand",125.727,LCD (LED),90,331,Available,4,126
133978,BLAUPUNKT,BP580USG9200,Australia,145.865,LCD (LED),105.8,468,Available,4,146
133977,BLAUPUNKT,BP600USG9200,Australia,152.591,LCD (LED),103.5,405,Available,5,153
133953,VIANO,STV49UHD4K,"Australia,Fiji,New Zealand",124.894,LCD (LED),95.78,352,Available,4,125
133946,VIANO,STV24HD,"Australia,Fiji,New Zealand",59.824,LCD (LED),20.19,76,Available,5.5,60
133942,BAUHN,ATV55UHDS-0920,Australia,138.783,LCD (LED),68.7096,267,Available,6,139
133904,AIWA,AWA650US,"Australia,Fiji",163.829,LCD (LED),136,499,Available,4.5,164
133889,KOGAN,KALED50RU9220SUA,"Australia,Fiji,New Zealand",125.731,LCD (LED),77.7,290,Available,4.5,126
133861,BLAUPUNKT,BP700USG9200,Australia,176.505,LCD (LED),160,640,Available,4,177
133825,SONY,KD-65X80J,"Australia,New Zealand",163.878,LCD (LED),147.1,543,Available,4,164
133823,SONY,KD-55X80J,"Australia,New Zealand",138.798,LCD (LED),128.2,475,Available,3.5,139
133811,KOGAN,KAQLED65XQ9510STA,"Australia,Fiji,New Zealand",163.829,LCD (LED),146,536,Available,4,164
133799,LG,43LM6370PVA,"Australia,New Zealand",107.987,LCD (LED),43.44,180,Available,5.5,108
133798,LG,32LM637BPVA,"Australia,New Zealand",80.043,LCD (LED),25.32,114,Available,5.5,80
133790,DEVANTI,STV-668-UHD-50-BK,"Australia,Fiji,New Zealand",125.731,LCD (LED),71.04,276,Available,5,126
133785,KOGAN,KALED55TU****SKA,"Australia,Fiji,New Zealand",138.761,LCD (LED),65.5,260,Available,6,139
133725,TEAC,LE75L521,"Australia,Fiji,New Zealand",189.274,LCD (LED),203.64,750,Available,4,189
133724,HYUNDAI,H75WK31,"Australia,Fiji,New Zealand",189.274,LCD (LED),203.64,750,Available,4,189
133703,SONIQ,G42FW60A,Australia,106.505,LCD (LED),52.1,193,Available,5,107
133640,VEON,VN55U22020,New Zealand,138.771,LCD (LED),94.4,350,Available,4.5,139
133605,VEON,VN75ID7020,New Zealand,189.121,LCD,191.4,758,Available,4,189
133577,CAIXUN,EC32S1N,"Australia,Fiji,New Zealand",80.039,LCD (LED),30.294,119,Available,5,80
133512,KOGAN,65F9,"Australia,Fiji,New Zealand",163.742,LCD (LED),132.61,520,Available,4.5,164
133498,KOGAN,KALED70XU9210STB,"Australia,Fiji,New Zealand",176.456,LCD (LED),145,532,Available,5,176
133489,KOGAN,KALED70RU9310SUA,"Australia,Fiji,New Zealand",176.57,LCD (LED),180.2,660,Available,4,177
133487,KOGAN,KALED75RU9310SUA,"Australia,Fiji,New Zealand",189.34,LCD (LED),129.06,475,Available,6,189
133476,PHILIPS,75*FL*114*/12,"Australia,Fiji,New Zealand",189.306,LCD,118.54,478,Available,6,189
133475,PHILIPS,65OLED805/79,"Australia,New Zealand",163.878,LCD,201.99,813,Available,2.5,164
133402,BAUHN,ATV50UHD-1120,Australia,125.731,LCD,54.6,220,Available,6,126
133375,HITACHI,75QLEDSM20,"Australia,Fiji,New Zealand",189.1,LCD,126,485,Available,6,189
133367,PHILIPS,55OLED805/79,Australia,138.798,OLED,162.34,654,Available,2,139
133347,PHILIPS,43PFT6915/79,"Australia,Fiji,New Zealand",107.942,LCD (LED),50.44,206,Available,5,108
133313,VEON,VN32HD2020,New Zealand,80.103,LCD (LED),28,116,Available,5.5,80
133273,PHILIPS,70BFL2114/12,"Australia,Fiji,New Zealand",176.545,LCD,128.08,516,Available,5,177
133239,BLAUPUNKT,BP550USG9200,Australia,138.761,LCD (LED),80.81,330,Available,5,139
133237,EKO,K750USN,Australia,189.219,LCD (LED),203.69,760,Available,4,189
133236,EKO,K55USG,Australia,138.761,LCD (LED),65.5,260,Available,6,139
133234,BLAUPUNKT,BP500USG9200,Australia,125.638,LCD (LED),78.8,315,Available,4.5,126
133233,EKO,K580USGQ,Australia,145.82,LCD (LED),75.7,298,Available,6,146
133189,LINSAR,LS65UHDSM21,"Australia,Fiji,New Zealand",163.897,LCD,96.1,360,Available,6,164
133053,SONY,KDL-32W600D,"Australia,New Zealand",80.054,LCD (LED),29.2,109,Available,5.5,80
133002,VEON,VN50U22020,New Zealand,125.723,LCD (LED),78.42,318,Available,4.5,126
132949,PHILIPS,32PHT6915/79,"Australia,Fiji,New Zealand",80.054,LCD (LED),35.47,146,Available,4.5,80
132804,HISENSE,50S5,"Australia,New Zealand",125.731,LCD (LED),67.01,284,Available,5,126
132711,KOGAN,KAQLED55XT9510STB,"Australia,Fiji,New Zealand",138.711,LCD (LED),120,441,Available,3.5,139
132593,EKO,K550USN,"Australia,Fiji,New Zealand",138.783,LCD (LED),94.896,370,Available,4.5,139
132582,VEON,VN43ID7020,New Zealand,107.901,LCD (LED),58,235,Available,4.5,108
132560,KOGAN,KALED82XR9210STB,"Australia,Fiji,New Zealand",206.934,LCD (LED),200,733,Available,4.5,207
132478,KOGAN,KALED42RF9230STA,"Australia,Fiji,New Zealand",105.348,LCD (LED),42,155,Available,6,105
132443,CONCENTRIC CARE,24-D1-3663,"Australia,Fiji,New Zealand",59.823,LCD (LED),27.1,110,Available,3.5,60
132354,KOGAN,KALED65NU8030SVA,"Australia,Fiji,New Zealand",163.896,LCD (LED),90.06,348,Available,6,164
132339,HISENSE,70S5,"Australia,New Zealand",176.57,LCD (LED),106.02,422,Available,6,177
132285,CAIXUN,EC24 series,"Australia,Fiji,New Zealand",59.824,LCD (LED),16.07,68,Available,6,60
132209,JVC,LT-55NQ7105AT,"Australia,Fiji",138.783,LCD (LED),54.6,270,Available,6,139
132178,BAUHN,ATV65UHDS-1020,"Australia,Fiji,New Zealand",163.896,LCD,93.53,345,Available,6,164
132106,KOGAN,KALED43JU8400VA,"Australia,Fiji,New Zealand",107.987,LCD (LED),48.37,188,Available,5.5,108
130745,HISENSE,55Q7,"Australia,New Zealand",138.783,LCD (LED),89.99,378,Available,4.5,139